IGT_ID,IGT_IMP_ID,IGT_BGT_ID
7072,4418,9
7073,1961,5
1550,2479,5
2205,3885,5
7074,223,9
2206,109,5
7075,4892,5
1557,4721,5
2207,2378,5
8322,2871,9
3278,1720,5
8324,5433,5
8325,3761,5
8326,3254,5
8331,648,5
1563,5065,5
1562,629,5
1548,4536,10
7076,4325,5
7077,5202,5
7078,4066,5
7080,4752,5
7081,1867,5
7083,473,14
7084,3544,5
7085,5461,14
7086,822,5
7087,162,5
7088,2005,14
2235,4785,3
7089,3951,5
7090,4860,5
7091,5120,5
7092,4568,5
7093,3983,5
7094,1627,5
7095,5075,5
1589,1226,5
1593,4877,5
7096,3771,5
1602,2778,9
7304,2432,5
7196,5570,5
7198,5729,11
7199,5582,5
7200,5998,5
2020,6221,5
7201,5846,5
7203,5996,5
7204,5928,9
7205,5504,5
2170,5529,3
2171,6215,5
3048,5861,9
7296,4215,5
2513,604,5
4906,4659,5
7297,4449,5
7298,3252,9
7299,3475,9
2519,790,10
7302,1314,5
2521,166,5
2522,1765,5
2523,3329,5
8235,6178,6
2175,5831,5
7207,5602,5
7208,5809,5
8338,165,5
7209,5501,7
2183,6130,5
7097,2908,5
7098,5031,5
7099,503,5
7100,2094,5
7101,574,9
7102,3486,5
7103,4605,5
1605,1667,5
2237,4154,5
7105,2161,9
7104,3513,9
7106,121,5
7107,1640,5
7108,319,5
7109,2174,5
7112,5680,5
7111,6134,5
2241,5805,5
1620,6225,5
7113,6284,9
1621,5821,5
7115,6179,5
7116,5519,5
7117,6037,5
1627,5523,5
7119,6029,9
7121,5964,9
7123,5863,9
7125,5666,9
7126,5611,5
2242,5844,5
1705,5966,5
1706,5924,5
2244,5578,5
7130,6087,5
7131,5747,5
1711,5645,5
3020,5759,5
3022,5985,5
1713,6218,5
1715,5506,5
1716,5640,5
7132,6001,3
1718,6065,5
1719,6150,5
8332,2781,5
3024,5625,5
3025,6286,10
7133,6068,5
7134,6238,5
8236,6255,5
1752,6248,5
7135,5829,5
7136,5993,5
7137,5560,9
7138,6266,5
7140,5581,5
7142,5601,9
7143,6237,5
7144,5548,5
7459,1203,10
7210,3439,5
2860,3182,5
2189,5226,5
7211,640,9
7212,3022,9
2230,750,5
2194,5192,5
2862,4153,11
7213,2839,5
3149,4233,5
7214,1071,7
2198,4238,5
2464,1550,5
7216,2052,9
3150,1126,5
2484,1417,5
7217,645,9
7218,1607,5
2471,2135,5
7219,1158,5
2475,817,5
7220,1750,5
7221,2909,9
7222,3896,9
2483,4255,5
7223,5254,10
7225,2510,9
7227,3739,5
7229,4601,9
7230,5005,5
7231,2500,5
7232,1523,5
7233,5375,5
7305,3779,5
2527,2172,10
3232,4675,5
7309,1788,14
7310,2637,9
7311,2892,9
7320,2582,5
7358,5308,10
3250,4510,5
7360,1153,9
3258,5268,5
3262,3546,5
7460,1203,14
7471,2266,9
3270,2060,5
7473,1833,5
1797,3435,5
7475,1992,10
7490,767,5
1804,3426,5
1805,692,10
7484,3819,5
7491,5522,9
7238,6025,5
7240,5385,5
7241,4169,5
7243,5194,5
2213,5028,5
7146,5514,5
7147,5701,5
1766,5797,5
1767,5916,5
7148,6152,5
1772,5903,5
3029,5889,5
7149,5815,5
7150,6035,5
7151,6033,5
7152,5932,5
7153,5530,5
1782,6175,5
3031,5776,5
3032,6099,5
3034,6077,5
7155,5848,9
7156,5753,5
7157,6295,5
7158,6100,5
7159,5800,3
7495,5684,5
3035,5603,5
7160,5712,5
7161,5509,5
3167,5832,5
3168,5907,5
3169,5970,5
7163,5668,5
7451,6199,5
7164,5568,5
7165,5910,5
7166,5512,5
7169,5835,5
7170,6027,5
7171,6070,5
7172,6245,9
7174,5691,5
7175,5569,5
7177,6278,5
7178,5950,5
7179,5576,5
3041,5885,5
1987,6139,5
3042,5615,5
7180,6097,9
1979,6201,5
7181,5983,14
1982,6214,5
7182,5583,9
7183,6297,9
7184,5909,14
1991,5607,5
7185,5686,9
7186,5838,3
1994,5824,5
7187,6076,9
1997,6057,5
1999,6115,11
7188,5754,5
7189,5647,9
7190,5988,9
2004,5546,5
7191,5785,5
7192,5735,5
2007,6105,5
2009,5786,5
7193,6166,5
7194,6020,5
5710,4802,5
5712,976,5
5908,3164,5
5912,5474,5
5915,3943,5
5917,5191,5
6146,1308,5
6144,4394,9
5742,2511,5
5744,1614,5
5322,4190,5
5323,3721,5
5324,1638,5
5910,4814,5
5892,5434,5
5896,4508,5
5901,1292,5
5218,1740,5
5217,2003,5
5216,2127,5
5213,4722,9
5907,4773,5
5918,1109,5
5922,3617,5
5926,3042,5
5725,4411,5
5724,4092,5
5723,1230,5
5726,1960,5
5622,581,5
5623,4438,5
5624,897,5
5625,3029,5
6373,1445,5
379,5333,5
380,2022,5
6372,2978,14
383,3482,5
384,504,5
6319,3279,5
6409,2383,9
388,3514,5
389,854,6
6430,2927,5
7276,1229,5
7279,4179,5
394,4868,5
395,1505,14
6359,2736,9
6369,3888,9
5405,1351,5
5407,253,5
5409,3966,5
405,3378,5
6358,1112,5
6588,3523,3
6607,570,9
6415,860,5
6431,4192,9
6421,2953,9
6423,3495,5
6368,131,5
8074,249,5
8075,3975,5
6340,652,9
6426,5388,5
427,194,5
6335,2767,9
6398,1056,14
6878,5309,5
6881,4769,5
9984,150,5
437,5883,5
9408,1055,5
8328,2483,5
8329,392,8
8330,3608,14
9596,4015,9
8333,3395,5
8334,3645,5
8337,3104,5
8078,1095,9
8340,3447,5
8341,3296,5
8342,4583,9
8343,938,5
8344,3788,5
8345,3388,5
9221,1769,5
10043,5041,5
8346,3153,5
9227,1537,8
8928,1027,5
8929,3199,5
8931,2071,5
8933,882,9
9232,2492,9
10044,2058,3
10046,2691,5
8934,5363,9
9237,4138,5
9238,1064,5
9239,2826,5
9244,1927,5
9274,2514,5
9242,936,5
9275,3407,5
9245,410,5
9276,4803,5
5398,708,5
9246,184,5
9278,837,5
9251,987,5
9252,506,9
9254,1943,5
9255,2629,5
10048,453,5
9259,2310,5
10049,1035,5
10051,3126,10
9261,2112,5
9263,343,5
9264,3768,5
10050,2353,5
9267,5440,13
9269,4267,13
9273,94,9
9290,745,5
9285,1663,5
9286,4588,5
9283,2405,5
9288,3525,5
9344,4029,5
9346,1931,5
9347,4089,5
9349,1752,9
9351,3251,5
9353,5279,5
9354,770,5
9355,2193,5
9356,339,5
9359,4521,9
9360,5014,5
9364,2444,5
9365,153,5
9368,1712,5
9369,866,5
9374,4708,9
9373,2888,9
9558,5093,5
9559,3409,5
9560,270,5
9561,5143,5
9562,4923,5
10054,107,9
9565,1090,9
10055,3280,5
9567,2986,5
9568,2695,5
10056,1814,9
10057,923,5
9571,1902,5
9572,4786,9
9573,1334,9
9574,2367,9
9575,2240,5
9576,876,5
9577,2994,5
9578,1014,5
10058,3824,9
10060,1587,9
9583,3087,5
9584,2360,5
9586,1475,5
9589,5056,5
9588,4253,9
9590,3981,5
9591,1031,5
9592,4676,5
9595,4596,5
9594,4027,5
9281,1205,5
9298,2727,9
9302,3048,9
9282,4421,9
617,572,5
9313,1085,10
9308,1912,9
9303,3717,3
9319,4125,9
9317,3415,9
9325,88,10
9320,4416,11
9328,4301,11
9331,5293,5
9333,1934,5
9335,749,5
9337,3583,5
9340,1440,5
9339,421,5
9338,255,5
9613,5374,5
9614,4746,5
9615,1186,5
10062,2138,5
9617,2740,5
9618,3406,9
9619,4133,5
9597,4170,9
9620,1023,5
9599,2578,5
9621,4628,5
9624,764,5
9600,3141,14
9601,1514,5
9623,3116,5
9602,3577,5
9603,2474,5
9622,2202,5
9604,3526,5
9605,3290,9
9606,1532,5
9626,3947,14
9627,3476,5
9628,5100,5
9629,3405,5
9630,4044,10
9631,4044,14
9658,3654,5
9805,1496,5
9806,3015,5
9807,864,9
9808,4183,5
9809,2610,5
9810,2541,5
9811,420,5
9812,4586,5
9813,406,5
9814,674,5
9815,198,5
9816,189,5
9817,610,5
9818,2043,5
9819,2958,5
9820,4303,5
9821,3330,5
9822,3317,5
9823,2469,5
9824,2957,5
9825,1578,5
10064,4500,5
9827,943,5
9828,2455,5
9829,542,5
9830,792,5
9831,498,5
10065,3312,5
9833,4906,5
10066,4184,5
9835,3785,5
9836,1906,5
9837,2119,5
9838,3594,5
9839,4627,5
10109,4273,5
10110,623,5
10111,4492,5
10112,4499,5
10113,1013,9
10114,2245,9
10115,2550,5
10116,3626,5
10118,2114,9
10119,1694,5
10120,511,8
10067,5054,9
9969,2229,5
9970,3117,5
3936,4716,5
9974,5454,3
9975,5454,9
9976,4776,5
9977,3993,3
9979,4270,5
9980,4843,5
10068,2876,9
9982,310,9
9983,5443,5
9985,2182,9
9986,4014,5
10070,97,9
10069,3100,9
9989,5470,5
9990,4961,5
9991,2210,5
9992,1846,5
9993,1361,5
9994,2968,9
9995,3647,5
3776,2279,10
9996,2920,5
9997,2118,5
9998,4276,9
10071,2300,9
9607,784,9
9608,843,5
9609,668,5
9610,1137,5
10061,2006,5
9612,1847,5
10072,1972,9
10073,5492,5
10318,2821,5
10319,1384,5
10320,5253,5
10321,4012,5
10322,2636,5
10323,3860,5
10324,2734,5
10325,4322,9
10326,3692,5
10327,2000,5
10328,3449,5
10329,670,5
10330,5362,5
10331,1864,5
10336,1703,5
10337,728,5
10338,3332,5
10339,2519,5
10340,4414,5
10341,1957,5
10342,1821,5
10343,5086,5
10344,466,5
12025,3678,5
12026,5460,5
12027,304,5
12028,5066,5
12029,1852,9
12030,351,16
12032,2859,9
8110,5557,5
11133,139,9
10436,1930,5
10437,3790,9
10438,1187,5
10439,4149,5
10440,482,5
10441,1841,5
10443,5058,5
12033,1447,5
12035,492,5
10445,4518,5
12036,3622,5
10446,4061,9
12037,2531,5
10447,614,5
12038,5311,5
12039,2490,9
10448,4948,9
10449,990,5
10450,4245,5
12040,25,5
12041,2259,5
10451,1522,5
10452,4705,5
12042,1459,5
10453,3822,5
10454,4201,5
10457,4535,5
10456,3195,5
10458,1818,5
10459,4571,5
10460,533,5
10461,484,5
10463,1042,5
10423,2357,9
10464,1644,5
10424,4729,5
10465,3873,5
10466,3034,5
10425,3423,5
10467,4001,5
10468,3708,5
10469,1499,5
10470,1094,5
10471,2921,5
10472,2537,5
10473,2725,5
10474,4503,5
10426,1909,5
10475,3938,5
10428,713,5
10476,219,5
10429,3710,5
10477,2231,5
10478,346,5
10430,5061,9
10479,901,5
10431,3748,5
10480,5034,5
10432,463,5
10433,3242,9
11089,2249,9
10434,4693,9
11090,963,5
3871,305,8
11366,5422,8
11092,3758,11
11094,5111,11
11099,2313,9
11102,1495,13
11103,1495,9
11108,1353,9
11116,2320,9
11118,4383,5
11119,1403,5
11120,2393,5
11123,443,5
11124,2980,5
11125,4042,5
11127,1087,5
11128,597,5
12043,602,9
12044,1675,5
12049,5458,5
12052,3638,5
12051,280,5
12053,1468,5
12054,2901,5
12055,1154,5
12056,3038,9
12057,2866,9
12058,1438,5
12059,2870,5
12060,2902,5
12061,1171,3
12063,695,9
12066,4176,9
12067,4162,5
12068,5472,5
12069,2558,5
12070,5269,5
12071,5153,5
12074,2040,5
12073,419,5
12075,3012,5
12076,4963,5
12077,2692,5
12078,1034,5
12080,2523,5
12081,1826,5
12082,2995,5
12083,1509,5
12084,3941,5
12085,2335,5
12086,3362,5
11318,5478,5
11319,2757,5
11320,1513,5
11321,5146,5
11322,2628,5
11323,3631,5
11325,1726,5
11326,5354,5
11327,2160,5
11329,140,9
11330,3820,5
11331,4398,5
11333,4658,5
11336,4283,5
11337,820,5
11338,4890,5
11339,2786,5
11340,5152,5
11341,4867,5
11342,5013,5
11343,4988,5
11344,601,5
11345,639,5
11346,857,5
11347,887,5
11348,433,9
11350,5138,5
11351,337,5
11352,2914,5
11353,2719,5
11354,1844,5
11356,3033,9
11357,1196,5
11358,2224,5
11746,65,5
11360,1242,5
11364,1908,8
11363,2322,9
11747,216,9
11361,102,9
11367,2228,5
12048,2044,9
12047,4865,9
11370,2165,5
11371,4582,5
11373,637,5
11374,4,5
11375,2717,5
11376,301,9
11387,3331,5
11428,4134,5
11389,2546,9
11390,1315,5
11391,929,5
11392,3962,9
11393,1370,5
11394,773,9
11395,3154,9
11396,4683,5
11397,1452,5
11398,1497,5
11399,2428,5
11426,4554,5
11400,1079,5
11401,2710,5
11404,4335,5
11403,263,5
11405,3798,5
11427,1517,5
11429,2343,5
11433,3505,5
11435,5172,5
11430,4328,5
11431,4529,5
11406,1441,5
11407,2586,5
11408,2576,9
11409,3112,5
11410,1534,5
11411,5082,5
11412,4204,5
11413,3902,5
11414,3531,5
11415,886,5
11416,176,5
11417,2183,9
11418,5173,9
11419,1761,9
11420,4543,9
11421,2672,5
11422,4590,5
11423,4959,5
11424,2819,5
11540,4635,9
4395,415,5
11541,1501,5
11543,60,5
11544,3481,5
11545,1206,5
4407,3592,5
11546,2180,5
4411,430,5
11752,332,9
11550,603,5
11551,2650,5
11552,4247,5
4421,3027,5
11553,4726,5
11554,4551,5
4428,1009,5
11753,5428,10
11557,4598,5
11558,1731,5
11559,4278,5
11560,2201,5
11561,1243,5
4442,1762,5
11562,1134,5
11563,4488,5
11564,3718,9
11565,127,9
10943,4290,5
10944,1127,5
10945,56,5
10946,5176,5
4636,2827,5
11566,4307,5
11568,5267,9
11567,3536,9
11569,3792,9
11570,3134,9
11571,3124,5
4647,3751,5
4648,4390,5
4649,4696,5
11572,2516,5
11573,4542,5
11574,1354,5
11575,5107,5
4661,3187,5
11576,1547,5
11577,4110,5
4667,3690,5
4669,2829,5
4670,500,5
11578,3372,5
11579,5223,9
11580,3743,5
4675,3839,5
11581,5123,5
11582,3152,5
11583,3347,5
11584,3823,5
11585,1128,9
4685,558,9
11586,508,9
11592,6466,5
11591,3130,9
11596,2825,9
11597,1179,9
9638,4710,8
9637,129,5
9636,5380,5
9632,3619,9
9639,4281,8
10063,965,5
9641,1238,5
9642,3175,9
9633,2764,5
9644,1959,5
9645,3685,5
9646,3713,5
9647,1618,5
9634,3209,5
9648,1572,5
9649,4312,5
9650,43,5
9651,3945,5
9652,774,5
9653,4466,5
9654,995,5
9655,1529,5
9656,4648,5
9657,1248,5
1368,5286,9
1367,5286,10
5973,2524,10
5974,2524,9
5964,1255,5
5965,3610,10
5966,4525,10
5967,4525,9
5968,3059,10
5969,3059,9
5970,3899,10
5971,3899,9
5972,1325,10
1345,2797,10
1346,2797,9
11432,998,5
1347,5050,10
1348,4592,10
1349,3274,10
1350,707,10
1351,707,9
1352,1602,10
1353,1602,9
1354,1621,10
1355,1621,9
1357,4348,10
1358,4348,9
1359,786,10
1360,786,9
1361,3516,10
1362,3516,9
1371,201,10
1372,201,9
1376,241,9
1375,241,10
1381,290,9
1380,290,10
1382,4629,10
1383,4629,9
1384,5007,10
1385,5007,9
11434,2796,5
5975,1502,10
5976,1502,9
5983,3056,5
1393,4384,10
1397,3992,9
1396,3992,10
1401,2046,9
1400,2046,10
1402,3121,10
1403,3121,9
1405,1386,10
11436,3911,9
1407,2689,10
1408,2689,9
1412,52,9
1411,52,10
1413,4403,10
1414,4403,9
11437,3122,9
1416,2045,10
1417,2045,9
1418,2525,10
1419,2525,9
11438,2798,9
1421,4597,10
1422,4597,9
1426,3386,9
1425,3386,10
1427,3416,10
1428,3416,9
12499,554,5
5984,2167,10
5985,2167,9
11440,3520,9
1433,1282,10
1434,1282,9
1438,4806,9
1437,4806,10
1439,2268,10
1440,2268,9
1444,5108,9
1443,5108,10
1448,2351,9
1447,2351,10
1452,1974,9
1451,1974,10
1453,2741,10
1454,2741,9
11441,1894,9
1457,3794,10
1458,3794,9
11442,2627,10
1463,5469,9
1462,5469,10
5986,3547,10
11444,499,9
6914,4873,5
11445,5310,5
11447,3062,5
11448,1899,5
11449,105,5
6051,1401,5
11450,2590,5
6053,3478,10
11451,783,9
11452,1454,5
11453,2158,5
11455,5462,5
11456,2784,9
11457,262,13
11458,414,5
11459,3123,5
6934,3093,9
6933,3093,3
11460,3534,5
11461,77,5
11462,3157,5
11463,4182,5
1505,2600,8
6986,1874,5
7000,1449,10
7001,1449,9
7007,4976,5
7018,2213,8
7016,4810,8
1517,895,5
1518,2018,5
1519,4657,8
1520,2007,8
1521,5441,5
1522,2169,5
1523,1941,10
1524,1941,8
1525,3707,16
1529,3210,5
1527,5484,9
1530,2603,5
1531,438,5
11464,1217,5
11593,51,5
11594,3930,5
11595,193,9
11465,1900,5
11466,2276,9
11467,4063,5
11468,128,5
11469,250,10
11470,1842,9
11471,1189,9
1564,6247,5
7082,1633,9
1877,5693,5
1629,6189,10
1630,6189,8
1631,6144,10
1632,6144,9
1636,6222,9
1635,6222,10
1637,5799,10
1638,5799,9
1639,5841,10
1640,5841,8
1643,5658,10
1644,5658,9
1645,6026,10
1646,6026,9
1647,6092,10
1648,6092,9
1649,6120,10
1650,6120,9
1651,6171,10
1652,6171,9
1656,5854,9
1655,5854,10
1657,5527,10
1658,5527,8
1659,5774,10
1660,5774,9
1664,5768,9
1663,5768,10
1665,6219,10
1666,6219,9
1670,6261,9
1669,6261,10
1674,5847,9
1673,5847,10
1675,6160,10
1676,6160,9
1677,6080,10
1678,6080,9
1679,5597,10
1680,5597,9
1681,5801,10
1682,5801,9
1683,6053,10
1684,6053,9
1688,6213,9
1687,6213,10
1689,6157,10
1690,6157,9
2025,6072,5
2026,5682,5
2027,6132,5
7352,2376,14
7353,2447,14
7359,5308,14
3251,771,10
3252,771,5
7461,3095,14
7470,2266,3
7141,5792,14
7477,1260,14
1806,692,9
8049,1422,5
1876,6095,5
1814,5726,10
1815,5726,8
1816,5589,10
1817,5589,8
1818,5544,10
1819,5544,8
1820,6143,10
1821,6143,8
1822,5790,10
1823,5790,8
1826,5503,10
1827,5503,8
1828,6084,10
1829,6084,8
1830,5749,10
1831,5749,8
1832,5978,10
1833,5978,8
1834,5536,10
1835,5536,8
1836,5833,10
1837,5833,8
1838,6182,10
1839,6182,8
1840,5656,10
1841,5656,8
1842,6062,10
1843,6062,8
1844,5922,10
1845,5922,8
1846,5957,10
1847,5957,8
1848,6101,10
1849,6101,8
1850,5690,10
1851,5690,8
1852,5721,10
1853,5721,8
1854,5940,10
1855,5940,8
1856,5741,10
1857,5741,8
1858,5728,10
1859,5728,8
1860,5868,10
1861,5868,8
7726,5817,11
7725,5817,10
7727,5817,9
7731,5911,9
7729,5911,3
7730,5911,11
7732,5954,5
7733,6194,5
7734,6078,7
7735,6192,5
1872,5897,5
1873,5575,8
7736,5707,5
7740,6181,9
7741,5507,5
1884,5783,5
7742,5853,9
8109,5851,5
8111,6217,9
8112,6273,14
1892,5773,5
8113,5920,14
8114,6003,5
8118,5995,3
8117,5999,9
8120,5746,9
8121,5952,5
8122,5734,9
8123,5895,5
1904,5648,5
8124,5538,5
8125,5531,9
1912,6098,9
7246,654,9
1916,4055,5
7247,3595,5
7248,1479,5
7249,989,9
7250,4209,5
1923,1882,5
7251,2055,5
7252,1142,9
7253,471,5
7254,3258,9
7255,1507,5
7257,355,5
7258,4618,14
1934,1434,5
1935,3571,5
7260,2884,5
7261,3736,5
1938,3299,5
1939,2940,5
1940,4298,5
3057,2854,5
1943,4463,5
7265,5077,9
7266,2206,9
7267,1510,5
7268,663,9
7269,2721,5
7270,3091,5
7162,6016,5
7273,3726,5
1959,1592,5
7275,1670,14
1962,5442,5
7197,5729,3
7277,5752,5
7283,5782,9
7282,5968,9
8126,5510,5
8127,6042,5
8129,5677,9
8128,5677,3
2032,6262,16
8130,5842,9
8131,6224,9
8132,6002,9
8133,5953,5
2038,5700,5
2039,5614,5
7921,5679,9
7922,5906,9
7923,5626,9
7924,5552,9
7925,6187,16
7926,5891,5
7927,5810,10
7928,5810,11
7929,5810,9
7930,5643,5
7932,5913,11
7931,5913,10
7933,5913,9
7934,6186,5
2220,5880,9
2057,5748,9
2058,5540,9
2059,5934,14
7935,5818,5
8085,5840,5
8086,6043,5
8087,6188,5
8088,6212,5
2067,5641,5
2066,6296,5
8089,5520,5
8090,5946,5
8091,5588,5
8092,5927,5
8093,5717,9
8094,6009,9
8095,6268,5
8096,6061,5
8097,5784,9
8098,5881,5
8099,5899,9
8101,6203,9
8102,5923,9
8103,6151,9
2090,5742,5
2091,5949,5
8104,6254,5
8105,6128,5
8106,6075,5
8107,6014,5
8108,5592,5
2097,6258,5
2098,6260,5
2219,6206,5
2101,6135,5
2102,5871,10
2103,5871,8
2104,5659,10
2105,5659,8
2106,5873,10
2107,5873,8
2108,5882,10
2109,5882,8
2110,5543,10
2111,5543,8
2114,6024,10
2115,6024,9
2116,6019,10
2117,6019,9
2118,5812,10
2119,5812,9
2122,6018,10
2123,6018,9
2125,5877,10
2126,5877,9
2130,5628,9
2129,5628,10
2131,6177,10
2132,6177,9
2133,5884,10
2134,5884,9
2138,5624,9
2137,5624,10
2139,5617,10
2140,5617,9
2141,5938,10
2142,5938,9
2143,6004,10
2144,6004,9
2148,5674,9
2147,5674,10
2149,6111,10
2150,6111,9
2151,6096,10
2152,6096,9
2153,5763,10
2154,5763,9
2158,5502,9
2157,5502,10
2159,5517,10
2160,5517,9
2161,6200,10
2162,6200,8
7718,5820,14
7721,6109,9
7215,794,5
7284,6108,9
7285,5772,5
2202,6285,9
8119,5995,9
7281,5968,3
2861,4153,10
7287,5714,9
7286,5714,3
2247,5689,5
2248,6147,5
7288,5727,5
7289,5732,5
2254,5702,5
7290,6126,5
7292,5744,9
7307,5944,9
2258,5808,5
7312,6169,14
7313,5850,14
7314,5898,14
7317,6162,9
2265,5636,10
2266,5636,8
7318,6275,9
2270,5598,8
2271,6216,8
7319,6106,5
7322,5719,5
7323,6048,5
2276,5542,5
7325,6280,5
7326,6259,5
7327,6145,9
2280,6090,5
7331,6010,9
7330,6010,3
7334,6226,5
2286,5572,8
2285,5638,8
7335,5635,9
7336,5803,5
7337,5533,5
7338,5516,5
2292,5672,9
7341,6102,17
7343,6158,14
7342,6158,10
7345,6082,9
7346,5697,9
7347,5505,9
2300,5535,5
2302,5937,5
7349,6276,9
7351,6167,9
2306,5634,5
2307,5778,5
2308,5905,5
2310,5816,9
7356,6066,5
7361,6253,5
7362,6161,5
2315,6028,5
7363,5819,5
7364,5929,5
2319,6112,9
2320,6085,5
7369,5935,5
2322,6202,10
2323,6202,8
7371,6294,5
7372,6058,5
7373,5771,9
2329,5917,9
2330,5698,9
7469,6249,5
3183,6207,5
7472,6233,5
7478,6017,5
7479,5991,5
7481,5825,10
7483,5879,9
7485,5642,10
7486,6246,5
7487,6240,5
7488,6093,5
7489,6013,5
7492,5633,5
3225,5518,5
3226,5787,5
7494,5500,9
7493,5600,5
3229,5982,5
7496,5901,5
7497,6270,5
7498,5565,5
7499,6069,5
7500,6155,5
7501,6050,5
7503,6185,9
3245,5566,5
7506,6071,5
7507,6170,5
7509,5725,5
3263,5567,5
3264,6121,5
7511,5980,5
7513,5925,9
3267,5904,8
7515,6148,9
3272,5859,9
7714,6223,5
7716,5619,9
7710,6250,14
2379,5860,3
2380,5860,5
2381,5699,5
7708,6241,5
2383,6282,5
2384,5704,5
2385,6176,5
7702,6005,5
7705,5630,5
7700,5584,9
7697,6293,5
7698,5942,5
7699,5921,14
7693,6040,5
7694,6103,5
7695,5888,14
7691,5703,5
2398,5688,5
2399,5994,9
7687,5855,5
7689,6168,5
7682,6267,5
7683,5665,5
2408,5802,5
2407,5616,5
7673,5791,5
7677,5655,9
2411,5585,5
7679,5777,9
2413,5526,5
7666,6049,14
7667,5862,5
7669,5621,5
7659,6073,9
2421,5764,5
2423,6279,5
7653,6196,9
7657,5660,14
7656,5660,10
7658,5622,5
7643,1777,10
7644,1777,11
7645,1777,9
7650,18,5
7641,3214,5
2436,4712,5
2437,1674,5
7639,4036,9
2439,5918,5
7638,6046,9
7636,5945,5
2443,5956,5
7631,6074,14
2445,6116,5
7920,5930,5
7919,5839,5
7918,5733,9
7914,5553,9
7915,6118,5
7916,5740,5
7917,6264,5
2458,6060,5
7913,5807,9
7912,5537,9
2462,5595,5
7224,5254,14
7228,842,14
2501,2897,5
2503,2916,5
7293,402,14
7294,898,14
7295,4458,5
2528,6174,5
7911,6059,7
7910,6083,9
2532,5963,5
7908,5605,5
7909,5866,5
7903,6133,5
7904,6094,5
7906,5613,5
7907,5979,5
7897,5706,5
7898,6154,14
7899,6153,5
7902,5900,14
7896,5865,9
2547,6008,5
7894,6007,9
7895,5973,5
7891,6271,9
7892,5762,9
7893,6156,9
7887,6208,9
7888,6142,9
7889,6119,5
7890,5976,5
7885,6163,9
7886,6149,5
2561,5551,5
2563,5893,5
7883,6012,5
7884,5637,14
2566,5857,5
7882,5649,14
7881,5649,10
7880,5662,5
7876,6117,5
7877,5793,5
2574,5975,5
7878,5876,10
7879,5876,14
7869,6030,14
7870,6269,14
2581,5739,9
2583,6006,5
7671,5941,5
7522,6290,9
2586,5830,9
2587,5780,5
7672,6281,5
2591,5804,5
2594,5743,5
7662,5673,9
2595,5610,5
7664,5646,5
7525,5864,9
2600,6063,5
7526,6180,5
2603,5573,5
2604,6038,5
7529,5869,9
2609,5892,10
2608,5892,3
7646,5694,5
2612,6089,9
7647,5886,5
2614,5632,9
7530,6183,9
7649,6055,5
7655,5822,5
2620,6047,10
2621,6047,11
2622,5661,9
7986,5234,5
7640,6204,9
7987,3085,5
7637,5696,5
7992,399,5
7993,3484,5
7997,3566,5
2633,5788,5
7999,1411,5
7635,6272,5
8003,1713,5
2639,5770,5
2640,3687,5
2641,5977,9
2644,6234,9
2643,116,5
2645,5751,9
2646,1073,5
2647,1970,5
2648,2309,5
7627,1601,5
8006,830,5
8007,2307,5
8009,3434,9
2653,2199,9
8010,2178,5
8011,702,5
8014,3865,5
8015,2255,5
8016,4166,9
8020,3666,9
8022,1793,9
2663,5664,5
7539,5987,5
2665,5715,5
7541,5550,9
7544,5586,5
7545,5826,5
7548,5894,5
2671,5856,5
2672,5541,9
2680,5723,9
2676,6032,5
7554,5534,5
2679,5760,9
7555,6104,5
7556,5692,5
7558,5670,9
7559,5737,9
7561,6235,5
7563,6184,5
7566,6122,9
7567,5653,5
7570,5705,5
7571,6054,9
7572,5590,10
7578,3390,9
7576,3273,5
7580,5775,9
7584,5990,5
7585,6107,5
8024,1349,9
7586,3232,5
7588,1843,9
7587,1843,3
7589,3939,5
7594,4954,5
7595,1426,3
7596,1426,9
2721,4477,5
2725,6292,5
7598,5184,5
8025,3714,9
7599,4666,5
7601,1880,5
7602,3852,5
2733,3293,5
2734,5243,9
2735,5313,5
8031,5255,5
2737,4719,5
2738,4825,9
8033,5122,5
2741,3035,5
7608,5449,5
2743,2502,5
7609,3907,5
7612,405,5
8034,712,9
8036,1345,13
2748,1045,5
7613,5076,5
7618,903,5
7619,3781,5
7620,3150,5
8037,5164,9
7621,257,5
7622,2389,5
7623,3338,5
7624,2965,9
2764,5232,5
7626,4340,5
8039,3811,9
8040,3926,13
7668,4513,5
8042,2904,5
8043,904,5
7665,1764,5
7663,1794,5
7661,4262,5
8045,4338,5
7660,3533,5
8046,3881,5
8050,1851,5
8051,4393,5
8052,4862,5
7670,4220,9
8053,5298,5
8055,3976,5
8056,829,5
8057,2616,9
2796,5464,5
7674,3763,9
2798,4678,5
7678,5386,9
2801,732,5
2803,598,10
2804,598,14
8058,2846,9
7680,5230,9
8059,192,5
7681,4761,9
3550,1678,5
2814,3235,5
8060,147,5
8061,4951,5
2821,59,5
2822,2247,14
2823,6015,5
2824,1539,5
7684,3244,9
7685,424,9
7686,4274,9
7688,974,9
7690,1084,9
7692,590,9
7696,1591,9
7701,1032,9
7634,4545,14
7633,4545,9
7632,4545,3
7610,950,5
2843,3311,5
7703,973,9
7704,4679,9
7707,3225,9
7611,519,9
2850,1609,5
7607,2697,9
2852,1806,14
2853,3827,5
7606,1409,5
2855,4791,14
2864,3742,5
2865,4440,9
7711,5377,5
7712,4911,9
7713,1323,5
7717,4205,5
7719,4419,5
7720,1006,9
7722,766,9
7723,2917,5
7724,697,5
2876,2575,3
2877,2575,5
2878,1773,9
7728,2652,9
2880,3032,5
2881,966,9
7978,5389,7
7979,1831,14
7980,2548,9
7981,979,14
7984,1024,9
7985,5177,9
7546,1691,5
7547,2946,9
2890,4006,5
7593,4869,9
2892,4426,10
2893,4426,5
7551,3389,5
7552,2746,5
7553,204,14
7600,3695,9
2898,3767,5
7557,3394,14
7560,2101,9
7603,3373,5
7562,2328,9
7564,3997,5
7565,3903,5
7568,4686,9
7569,1054,9
7604,3832,14
7591,5612,5
7592,5549,14
7590,978,9
2915,2803,10
2917,96,5
7579,4311,5
7581,3784,5
7573,4997,5
2921,5332,5
2922,5307,9
7737,5931,17
2937,195,5
2939,2260,5
2940,227,3
2941,227,5
2942,1554,9
6339,2200,9
2944,1673,5
2945,5139,5
2946,4028,5
2947,4173,5
2948,5201,5
2950,805,9
2952,6086,9
2953,3145,5
2954,3917,9
2955,1929,5
2956,1951,5
2957,3931,5
2963,3171,9
4274,1331,9
4277,959,9
4280,5221,9
7375,6277,9
7377,5667,9
7378,5969,9
7381,6021,5
7382,6052,5
2973,5915,5
2974,5926,5
7384,5547,9
7387,5545,9
7388,5618,9
2983,5511,5
7389,5870,13
2985,6190,5
7390,6114,5
7392,5849,5
2988,6146,5
7394,5796,11
7393,5796,10
2993,6251,9
2996,6136,9
7395,6140,5
7396,5947,5
3003,5936,5
7397,5757,5
3008,5755,9
7118,6029,3
7122,5863,3
7124,5666,3
7120,5964,3
7398,5558,9
3059,5355,5
3060,2449,5
3061,5875,5
7504,5451,5
3063,1714,5
7505,665,5
7510,2808,5
7514,3138,9
7516,4751,5
7517,719,9
7519,3249,5
7520,2658,9
7521,3840,9
7523,4483,5
7524,3400,5
7527,1766,5
7528,5073,5
7401,5650,9
3080,5609,5
3195,6242,9
7531,4039,9
7439,5651,5
7540,2340,5
7532,5370,5
7440,5671,5
7533,212,9
7542,3994,9
7442,5837,5
7543,341,5
7443,5669,9
3096,5158,9
3098,1383,5
3099,2227,5
7444,5644,5
7534,5175,9
7535,4972,5
3103,4231,5
3104,2015,5
7537,5340,5
7447,5687,5
7452,5962,14
7538,2294,5
7450,6199,10
7468,6195,9
7467,6195,3
3212,5574,5
7453,5657,5
7454,5878,5
7476,6274,9
3178,5594,5
7457,5767,5
7466,6291,5
3173,6236,5
3219,5631,5
3203,2252,9
3174,5663,5
3175,5908,5
7456,5521,5
3176,5984,5
7455,5828,5
3223,5813,9
7458,5713,5
3221,6041,5
7079,5030,9
7291,251,9
3152,1748,5
3153,2536,9
3156,3912,5
3155,4196,5
7262,2863,5
7577,3517,5
7549,835,5
8339,3642,9
8930,553,5
8935,5312,9
8936,1070,5
8937,975,5
8938,2323,5
9148,1342,5
9149,560,5
9150,3837,5
9153,1060,5
9156,2833,5
9157,1760,5
9158,944,9
9161,3988,5
9162,5415,5
9165,4662,9
9167,3630,5
9168,848,5
9170,540,5
9171,2016,5
10036,254,10
10037,254,11
9205,5398,11
9204,5398,10
9206,5398,9
9207,2836,8
9208,4439,8
9209,841,9
9210,845,9
10038,3587,9
10039,1840,9
10040,83,5
9215,1253,5
10041,3180,9
10042,1093,5
9219,2499,5
8939,4674,9
8940,710,5
8941,4337,5
8942,4302,5
8943,3111,5
8944,297,5
8945,467,5
8946,2081,5
8948,4918,5
8949,2014,5
8950,344,5
8951,1600,5
8952,3196,5
8953,741,5
8954,132,5
10030,5240,9
10029,5240,3
8961,4591,9
8965,4805,9
8964,724,5
8966,880,5
10031,2867,9
8996,3511,5
9018,3935,5
9019,3639,5
8999,4143,5
10032,993,9
9001,3562,5
9002,3396,16
9004,3241,5
9005,345,5
10033,1708,5
9007,4265,5
9009,3920,5
9010,630,5
9013,742,5
9014,3956,5
9015,4631,5
10034,1926,5
9021,1825,5
9022,5059,5
9023,3585,5
9024,3500,13
9025,3722,5
9027,3339,9
9028,3567,9
9030,3224,9
9031,3923,5
9033,235,5
9034,4090,5
10035,445,9
9036,221,5
9037,1919,5
9040,3783,5
9039,4120,5
10176,3510,5
10177,1250,5
10178,797,5
10179,4248,5
10180,5109,5
10181,4889,5
10182,616,5
10183,1981,5
10184,3765,5
10185,3689,5
10186,4347,5
10187,4489,5
10188,4155,5
10189,3959,5
10190,1106,5
10191,5189,9
10192,3140,9
10193,3039,9
10194,4498,5
10196,2312,5
10197,3259,9
10198,4640,5
10200,680,9
10201,2082,9
10202,1647,9
10203,31,5
10204,807,5
10206,4796,9
10207,4706,3
10208,4706,9
10209,2189,10
10210,2189,9
10212,302,9
10213,4156,5
10214,2661,5
10215,4136,5
10216,3661,5
10217,247,5
10218,4665,5
10219,81,5
10220,4506,9
10045,2058,9
9268,5440,9
10052,3126,9
9307,1912,3
9314,1085,11
9316,3415,3
9321,4416,5
9329,4301,9
3755,3660,5
11891,4808,5
3759,282,5
3761,3351,5
3763,865,5
3765,3181,5
3766,856,5
3768,3432,5
7962,2297,5
3775,2942,5
5658,5357,5
5492,699,5
10059,1587,3
9585,2886,5
10422,2357,14
11091,3758,10
11093,5111,10
12046,4865,3
12065,4037,9
12079,686,5
11516,3397,9
11517,4548,9
11518,1586,9
11519,4157,9
4282,5430,5
11520,3844,9
11521,1782,9
4286,5432,5
4288,1451,5
11522,2698,5
4292,318,5
11523,4556,9
4295,599,5
4298,4151,10
4299,1211,10
4300,58,10
4301,683,10
4302,3114,10
4303,2949,10
4304,859,10
4305,4647,10
11524,4638,10
11525,2130,10
4308,1869,10
11526,4742,10
4310,349,10
4311,329,10
4312,2948,10
4313,2563,10
4314,1856,10
4315,5237,10
4316,5218,10
4321,1938,10
11527,1143,10
4319,2204,10
4322,1953,10
4323,1076,10
11536,1264,5
11750,4677,5
4334,3757,10
4335,1214,10
4349,3973,10
4329,512,10
4350,2989,10
4336,1866,10
4333,5062,10
4337,983,10
4338,386,10
4339,3733,10
4346,3144,10
4351,2460,10
4348,3020,10
4353,3759,10
4357,3838,10
4356,1388,10
4358,3762,10
4359,486,10
11751,1259,10
4362,672,10
4363,3954,10
4364,3436,10
11528,5319,9
11529,3178,9
4368,1862,5
4369,596,5
4371,1133,5
4372,964,5
11530,2059,9
4376,403,5
11531,363,5
11532,628,9
11533,1390,5
8237,1337,5
11534,5465,9
11535,3266,9
11542,5495,5
11681,9798,5
4426,2729,5
11754,5428,9
11474,1746,5
11473,3700,5
11475,9,5
11476,5356,9
11748,3263,9
11478,4913,5
11479,717,5
11481,5090,9
11480,5090,3
11482,5403,9
11483,4823,10
11484,4823,5
11485,3589,5
11487,2551,5
11488,2703,5
11489,1415,5
11490,913,5
11491,5244,5
11492,3537,5
11493,3118,5
11494,2569,5
11496,1251,5
11749,1239,5
4540,4688,5
11500,4263,5
11501,2507,5
4547,1666,5
11502,4367,9
11503,5132,5
11505,3246,5
11506,1207,5
11507,3821,5
11508,4794,5
11509,3817,9
11510,2035,7
11511,2126,5
11512,1379,5
11513,4326,5
4566,4888,5
11514,4829,9
4569,4672,5
4571,1952,5
11515,2246,5
11609,309,9
11610,3875,9
11611,2999,9
11612,208,5
11613,4549,5
11614,4356,8
11615,3664,9
11616,2039,8
11617,4264,5
11618,5493,5
11619,126,5
11620,3855,5
11621,68,5
11622,4385,5
11623,5136,5
11624,971,5
11625,39,5
11626,3106,5
11627,891,5
11628,1546,5
11629,1007,5
11630,2423,5
11631,1435,5
11632,1372,5
11633,1113,5
11634,673,5
11635,3081,9
11588,4733,16
11755,4540,9
11590,3969,16
11759,3895,9
11758,5219,9
11600,3013,5
11601,2090,9
11603,4691,5
11602,4691,3
11605,2484,11
11604,2484,10
11607,1964,5
11606,1964,3
11608,288,5
11885,5089,5
11886,4095,5
11887,3216,5
11888,4937,9
11889,3302,5
11890,730,5
11892,5494,5
11893,4459,5
11894,1444,7
11895,4584,5
11896,4427,5
11897,2553,5
11898,4689,5
11899,4942,5
11900,1641,5
11901,2027,9
11902,4569,5
11903,1486,5
11904,1567,5
11905,4469,5
11906,3667,5
11636,311,5
11637,4260,5
11638,714,5
11639,3934,5
11640,2327,5
11641,2964,9
11642,3413,5
11643,5290,5
11644,525,9
11645,5212,5
11646,22,5
11647,2602,5
11648,1277,5
11649,2571,5
11650,2136,5
11651,2547,5
11652,1344,5
11653,3957,9
11654,1346,5
11655,5412,9
11656,1922,5
11657,5188,5
11658,2280,5
11659,3278,5
11660,1770,5
11661,266,5
11662,3204,5
11663,1363,5
11664,2979,5
11665,3835,5
11666,2408,9
11667,4009,5
11668,374,5
11669,303,5
11670,3646,5
11671,3222,5
11672,5284,5
11673,5246,5
11674,744,5
11675,4041,5
11676,3657,5
11677,3933,5
11907,4541,9
11908,2461,5
11912,1526,5
11911,4990,5
11909,2593,10
11913,2604,5
11914,5160,5
11915,3212,5
11916,1376,5
11917,3632,5
11918,1481,5
11919,4616,5
11920,3083,9
11921,4966,5
11922,1907,5
11923,5251,5
11924,469,5
11925,19,5
11926,4080,9
11927,1630,5
11928,3243,5
11929,2648,5
11930,1845,5
11931,3955,5
11932,945,5
11933,2755,5
11934,5018,9
11935,3169,5
11936,3532,5
11937,1392,5
11938,106,5
11939,3814,5
11940,3148,14
11942,2993,13
11943,5112,5
11944,1232,5
11945,2333,9
11946,4779,5
11947,796,5
11948,2242,9
11949,1078,5
11950,1707,5
11951,5338,5
11952,1293,5
11953,2934,5
11954,2233,14
11956,3010,5
11965,157,5
11966,1998,5
11964,1462,5
11961,5067,5
11962,2653,5
11963,1360,9
11967,11636,5
11960,3972,9
11957,185,9
11959,4237,5
11678,322,5
11679,3965,5
11680,2223,5
4927,3092,5
4929,429,5
11699,4884,5
11700,3344,5
11701,5200,5
4935,383,5
11712,1291,5
11704,4408,5
11705,2583,5
11709,2605,5
11710,1623,5
11714,1545,9
11719,2768,9
11706,5372,9
11707,2785,5
11708,4609,5
11711,4668,5
11713,3191,9
11717,4981,5
11718,352,9
11721,4386,5
11722,4633,9
11723,1498,9
11726,885,9
11724,885,3
11725,885,11
11728,461,9
11730,3735,9
11732,3323,9
11733,2753,14
11735,300,5
11736,4206,5
11760,3924,5
11739,3131,10
11741,4203,5
11742,3189,10
11743,3189,8
11792,1958,11
11791,1958,10
11793,1958,8
11794,1521,9
11795,3319,9
11796,260,5
11797,4108,14
11798,5250,9
11799,231,9
11800,1185,9
11801,1339,5
11802,2288,9
11803,4142,5
11804,4241,5
11805,583,5
11806,4899,5
11807,4563,5
11808,2050,5
11809,3098,5
11811,676,14
11810,676,10
11729,4599,14
11731,787,5
5010,5140,5
11993,2961,5
11757,1420,9
11812,1120,9
11813,2601,5
11815,1799,8
11814,1799,3
11816,3404,5
5021,4789,5
5022,5178,5
11820,1916,5
11821,2053,5
11822,1629,9
11823,4122,5
11824,2453,5
11825,5364,5
11826,1688,9
11827,872,9
11828,579,5
11829,2283,5
11830,4643,5
11831,696,9
11832,4893,9
11833,2893,5
11834,2207,5
11835,4107,5
11836,312,5
11837,1356,5
11838,4736,5
11840,580,5
11841,3262,5
11842,365,5
11843,3230,5
11844,3327,9
11846,4904,5
11847,4287,5
11848,1262,5
11849,1836,5
11850,3942,5
11852,369,9
11853,5391,5
11854,3382,5
11855,2170,5
11856,1850,5
11857,2413,5
11858,725,5
11859,900,8
11860,2185,5
11861,66,5
11862,2162,5
11863,4608,5
11864,840,9
11865,1418,5
11866,1784,5
11867,4023,5
11868,47,14
11869,4167,5
11870,239,5
11875,2108,5
11877,4762,8
11878,2688,5
11879,656,5
11880,327,5
11883,1419,5
11882,4332,5
11884,1081,5
5125,2216,5
5126,2042,5
6403,2037,5
5128,1309,9
5129,2221,9
5131,551,5
5132,1855,9
5133,2385,5
5134,1141,9
5135,3206,9
5137,4731,9
5138,1275,9
5139,2787,5
5140,21,9
5141,940,5
5142,4815,5
5143,1580,5
5144,1271,5
5145,3245,5
5178,2253,5
5185,5103,5
5148,3612,5
5149,4699,5
5150,4799,5
5151,4567,5
5152,4369,11
5153,2496,9
5154,4701,11
5155,4701,9
5156,4249,8
6355,3236,9
5187,1738,9
5159,390,3
5160,390,9
5161,1598,5
5182,4078,9
5181,4078,3
5164,5281,3
5165,5281,9
5166,2684,9
5183,2267,9
5173,1140,9
5169,4509,5
5170,2742,8
5171,3220,7
5175,4881,9
5174,2882,5
5177,5074,16
5180,1790,5
5186,3691,9
5188,5350,9
5189,4109,9
5190,5344,9
5191,4420,9
5192,4725,9
5195,3002,9
5194,1204,9
5196,3674,8
5198,3441,5
5204,2977,9
5203,838,9
5201,1605,9
5202,3556,9
5205,1089,5
5207,517,14
5208,2959,5
5209,1990,5
5210,681,5
5211,705,5
5212,3540,5
5219,435,5
5220,3887,5
5241,397,9
5236,3874,5
5231,2718,9
5239,3277,9
5227,2974,16
5238,2391,5
5233,2708,5
5359,2487,5
5353,4308,5
5240,79,5
5242,890,5
5243,3909,5
5245,3793,5
5246,2263,5
5247,4637,9
5249,4317,9
5254,3996,5
5252,154,5
5253,3090,5
5256,1680,5
5258,711,5
5259,4365,5
5260,456,5
5261,2106,9
5262,952,14
5263,3021,5
5264,2486,5
5265,526,3
5266,526,11
5267,526,9
5268,4750,5
5269,3753,9
5271,4826,5
5273,2631,5
5275,1516,9
5277,2624,5
5278,2988,9
5279,2950,5
5280,1015,5
5281,5351,9
5283,1285,5
5285,3233,5
5286,5457,9
5287,1132,9
5288,2134,9
5289,2407,9
5291,3530,5
5293,3049,5
5294,5224,9
5295,2564,9
5296,3688,9
5297,3217,9
5298,2402,9
5299,2089,9
5313,3342,9
5301,1364,5
5303,689,5
5310,1574,9
5306,1234,5
5308,3754,5
5309,2922,9
5311,416,13
5312,4782,5
5314,4671,9
5315,1181,5
5316,2329,10
5317,5097,9
5318,4387,10
5319,675,5
5320,4212,9
5321,4717,9
5325,3493,5
5326,1751,5
5327,505,5
5328,4072,5
5329,479,5
5330,2457,5
5331,2823,5
5332,4257,9
5333,3543,5
5334,4150,5
5335,1012,5
5337,4279,5
5363,3496,5
5343,3036,5
5345,1317,5
8238,622,5
5348,510,5
5349,4056,5
8241,2070,5
5351,130,5
12782,2780,5
5355,377,5
5358,2775,9
5357,5280,9
5364,1949,5
5373,968,8
5370,924,5
5376,5024,5
5372,4652,8
5374,5079,5
5375,2626,5
5378,2877,5
5380,4602,5
5381,3701,5
5382,3300,12
5383,2506,5
5385,296,5
5386,3377,9
5388,1152,5
5389,2373,5
6342,2303,9
5391,3668,5
5392,4914,5
5401,756,5
5394,2304,5
5396,1985,9
5399,4838,5
5400,2352,5
5402,2256,5
5410,4008,5
6336,1594,9
5412,2745,5
5413,4956,5
6366,3614,9
5415,5331,5
5417,4845,5
5418,2311,5
5420,1220,5
5423,3605,5
5422,4855,16
5425,4040,5
5426,5479,5
5427,1284,9
5428,3170,16
5429,1439,5
5432,2482,5
5431,1652,9
5434,4380,5
5435,1615,5
5438,2706,5
5439,997,5
5440,3139,5
5441,4445,9
5442,3424,5
5444,232,5
5446,5324,5
5448,1316,5
5449,2415,5
5450,3211,5
5451,2156,5
5452,4050,5
5453,2431,5
5455,3183,5
5457,5195,5
5459,4986,5
5462,1755,5
5464,1763,5
5466,3391,5
5467,653,9
5469,1690,5
5471,4512,5
5473,202,5
5475,1684,5
5477,4515,5
5479,316,5
5481,2638,5
5483,1568,5
5484,578,5
5486,1340,5
5488,95,5
5489,3429,5
5490,1625,5
5493,401,5
5495,2879,5
5496,530,5
5497,615,5
5498,2095,5
5500,3318,5
5502,1394,5
5504,907,5
5506,3497,5
5507,1658,5
5508,1741,5
5510,1174,5
5512,55,5
5514,4713,9
5516,1347,5
5518,5124,5
5520,4792,5
5522,75,5
5524,4224,5
5526,4401,5
5528,5407,5
5529,2412,5
5531,618,5
5533,937,5
5535,4251,5
5537,595,5
5538,619,5
5539,3671,5
5540,4316,5
5541,4684,5
5543,320,5
5544,4539,16
5546,5396,5
5548,1699,5
5549,660,5
5551,276,5
5553,4723,5
5555,1011,5
5556,3459,5
5557,3538,5
5558,4517,16
5560,4844,5
5562,1848,5
5564,877,5
5566,61,5
5568,5010,5
5570,5336,5
5572,3363,9
5574,2336,5
5576,338,5
5578,1854,5
5580,5026,5
5581,3766,9
5582,4894,5
5584,3905,5
5585,605,5
5586,1701,5
5587,1692,5
5588,4695,5
5589,3479,5
5591,678,5
5593,1167,5
5594,2074,5
5596,1083,5
5598,2538,5
5600,1332,5
5601,3357,5
5603,85,5
5605,427,5
5607,3004,5
5609,315,5
5610,5161,5
5612,2544,5
5614,4051,5
5616,2858,5
5618,2987,5
5620,2396,5
5627,1745,5
5629,3651,5
5631,54,5
5632,4333,16
5633,4115,16
5635,3324,5
5636,3745,5
5637,920,5
5638,3334,5
5639,4410,9
5640,4300,9
6460,5423,9
6459,5423,3
5643,3205,5
5644,2529,9
5646,5207,5
5650,5141,5
5652,2141,5
6454,5241,5
5654,3643,5
5655,1295,9
5660,2665,5
5661,294,8
5662,2936,5
5664,3527,8
5665,1463,5
5667,5032,5
5668,368,5
5669,1566,5
5670,723,5
5671,1983,9
5672,2574,9
5673,1956,5
5674,4531,10
5675,4531,5
5676,5275,10
5677,5275,5
5679,799,5
5680,3018,5
5681,1107,5
5682,3961,9
5684,3137,5
5686,821,5
5688,2243,5
5689,571,5
5691,1145,5
5692,5475,5
5693,5330,9
5694,4745,5
5695,2991,9
5696,3260,5
5698,1528,5
5700,4230,5
8246,4306,5
5702,2509,5
5704,1125,5
5706,2181,5
5708,4935,5
5714,4813,5
5716,3789,5
5718,3412,5
5720,4636,5
5721,1404,5
5727,3030,5
5728,738,5
5729,2184,5
5731,1442,5
5733,3616,5
5735,4451,5
5737,292,5
5739,4532,5
5740,3084,5
5741,2555,5
5748,3900,5
5746,4081,5
5747,2441,5
5751,3063,5
5752,735,5
5754,4664,5
5756,4480,5
5757,3782,5
5758,2212,5
5760,918,5
5762,4654,5
5764,2198,5
5765,3240,5
5766,4168,9
5768,1227,5
5770,4886,5
5773,5227,5
5775,659,5
6402,2154,9
5777,2580,5
5778,3829,5
5779,3174,5
6139,4375,5
6140,2290,5
5783,546,5
5784,3108,13
5785,3949,7
5786,3001,5
5787,1159,14
5788,3040,16
5789,4743,7
5790,2913,5
5792,135,5
5794,5113,5
5795,4587,5
8239,218,9
5798,490,5
5799,4555,5
5800,4470,5
5801,4711,5
5803,1114,5
5805,398,5
5806,609,5
5808,1135,5
5810,1311,5
5812,3052,5
5814,3346,5
5816,3185,5
6344,2596,9
5819,324,9
5821,3756,5
5823,1904,5
5824,1139,5
5825,2278,5
5827,3856,5
5828,2258,5
5830,2772,5
5831,1168,9
5832,826,5
5833,481,5
5835,2686,5
5837,4589,5
5838,4491,5
5840,4370,5
5842,434,5
5844,2984,5
5846,5110,5
5848,2674,5
5850,2236,5
6371,4062,9
5854,2031,5
5856,13,5
5858,4974,5
5860,1244,5
5862,1490,5
5863,3984,5
5865,722,5
5867,2733,9
5869,1973,9
5871,586,5
5872,2347,5
5873,2092,5
5874,5206,5
5876,4944,5
5877,1875,5
5878,3812,5
5880,4137,5
5882,448,5
5884,2633,9
5886,3845,9
5889,878,9
5891,1402,5
5894,4700,5
5897,243,5
5900,4372,5
5903,2865,5
5905,3550,5
5921,529,5
5923,26,5
5925,2238,5
5927,5480,5
5934,778,5
5930,1466,5
5932,413,5
5935,1111,5
5938,1945,5
5937,800,5
5940,1105,5
5942,6,5
5943,2421,9
5944,3043,5
5945,2705,5
5946,4534,5
5947,2400,14
5949,3305,5
5950,4454,9
5951,1689,9
5952,969,9
5953,5264,9
5954,199,5
5955,3490,9
5958,2426,5
5959,1026,8
5960,3744,9
5961,2534,9
5962,1443,9
5963,1649,9
5977,3325,5
5978,4345,5
5979,4753,5
5980,2478,9
5981,5272,5
5982,2061,9
5988,2369,5
5990,3952,5
5991,3272,5
5993,3376,5
5995,1096,5
5997,1166,5
5999,4898,5
6001,5450,5
6004,265,5
6006,2425,5
6008,1130,5
6010,4194,5
6012,3125,5
6014,1018,5
6017,4694,5
6019,1020,5
6020,4690,9
6026,4737,9
6028,4747,9
6034,2929,5
6031,5288,9
6033,1066,5
6037,3162,5
6036,244,5
6038,1319,5
6039,5025,5
6040,5358,5
6041,4088,5
6043,3011,5
6044,1558,9
6916,4082,5
6047,440,14
6048,4565,10
6049,229,5
6141,2349,9
6054,3478,8
6056,5463,5
6058,1328,5
6912,3990,9
6060,3234,10
6911,4362,9
6910,2120,9
6906,3422,5
6907,2122,14
6908,1249,9
6066,5456,9
6497,2004,9
6070,134,9
6071,3652,5
6073,2704,5
6075,3801,16
6155,370,5
6079,1910,5
6081,1892,5
6082,4429,16
6153,1829,5
6085,779,9
6087,275,9
6089,2696,5
6090,1425,9
6092,4141,5
6094,4202,5
6097,4219,5
6096,1110,5
6099,1041,5
6100,5368,5
6104,5499,5
6103,3919,5
6107,321,5
6109,1669,5
6110,2001,5
6113,4379,5
6118,1597,5
6115,5359,5
6116,2887,5
6119,5315,5
6122,4277,5
6124,1391,5
6127,2845,5
6126,2363,5
6129,1721,5
6131,1149,5
6133,3623,9
6134,1962,5
6136,2752,14
6137,5485,5
6138,3944,9
6143,3755,5
6147,5208,5
6149,5411,5
6404,2520,9
6151,3420,9
6152,4864,9
6154,1732,9
6156,4663,7
6162,733,5
6158,423,5
6160,591,16
6166,4606,5
6164,2066,5
6168,1891,9
6167,4024,5
6169,1192,5
6171,3509,5
6173,1758,5
6174,1942,5
6175,2488,9
6176,206,13
6177,626,9
6202,2570,9
6179,4102,9
6184,2029,5
6183,3728,9
6185,2284,9
6186,2209,9
6187,5378,14
6190,5453,9
6189,1375,5
6191,118,5
6192,180,5
6193,2148,8
6194,4523,5
6196,5297,5
6197,2454,5
6198,1421,5
6199,2416,9
6201,2834,5
6203,5424,9
6204,2760,9
6205,2195,16
6206,4673,9
6207,879,10
6208,442,9
6209,3315,9
6210,1350,9
6211,4876,9
6212,2933,9
6213,3702,5
6214,33,5
6215,3729,5
6217,5381,5
6218,3719,9
6219,3519,5
6220,825,16
6221,4227,5
6556,5197,9
6223,4833,5
6224,2707,3
6225,2707,11
6226,4977,9
6559,1676,9
6228,1715,9
6229,2145,9
6230,2584,17
6231,1896,9
6235,752,5
6234,2644,5
6236,3686,5
6237,4999,5
6238,373,9
6239,64,5
6240,4623,5
6241,3193,5
6242,4804,9
6243,2557,9
6244,1000,5
6245,5012,5
6246,5166,5
6247,1881,9
6248,2790,9
6249,1556,9
6250,4161,9
6251,336,5
6252,4217,5
6253,4433,5
6254,1911,5
6257,3456,13
6268,4289,5
6258,2620,5
6259,1791,5
6260,4310,5
6261,3333,11
6262,3367,5
6263,4907,5
6264,777,5
6265,2434,9
6266,1382,11
6267,333,9
6269,3161,5
6397,1387,9
6271,224,9
6272,2679,9
6273,3889,5
6274,1488,5
6275,2749,10
6885,5384,5
6278,3231,5
6279,4357,9
6280,917,9
6324,765,9
6282,3558,5
6284,4995,9
6285,2387,5
6286,827,11
6287,935,9
6288,1478,16
6289,1478,5
6290,1371,5
6291,3584,5
6313,642,5
6293,5155,5
6296,2324,5
6297,4902,9
6300,1162,9
6299,4079,9
6301,1628,5
6302,1544,5
6303,4292,5
6304,3132,9
6305,3606,13
6306,3606,5
6322,1608,9
6308,372,5
6309,564,5
6310,4836,5
6311,4313,16
6312,1648,5
6528,5088,9
6316,816,9
6317,3448,9
6318,3448,5
6323,1944,5
6329,4045,9
6327,2392,5
6331,3458,5
6422,4068,9
6346,215,5
6351,4818,9
6361,4244,5
6362,2443,14
6370,1506,5
6365,210,5
6374,3890,5
6380,861,5
6377,1306,5
6383,1590,5
6386,4883,5
6387,5182,5
6388,2222,9
6432,3239,9
6428,2176,9
6434,5027,9
6433,828,9
6437,1246,9
6440,4388,9
6439,1037,11
6442,3399,5
6444,4280,5
6446,2730,5
6447,4819,5
6451,1668,5
6682,4856,9
6450,4059,9
6453,1476,5
6455,69,9
6458,4324,5
6473,2635,3
6474,2635,9
6463,4152,5
6464,502,14
6465,4453,14
6472,444,5
6469,1455,9
6470,1785,3
6471,1785,9
6475,3487,14
6479,662,9
6478,662,3
6480,2802,5
6482,2517,5
6483,4475,10
6484,4475,5
6485,1737,5
6486,2622,5
6487,3937,5
6489,5292,5
6491,1373,5
6494,2002,9
6493,3600,9
6495,5235,9
6496,5145,9
6498,136,9
6499,4131,10
6500,4131,5
6502,4578,5
6503,120,5
6505,521,5
6506,4927,9
6507,242,5
6508,4941,5
6509,3971,5
6510,851,5
6511,524,9
6513,3067,9
6515,2419,9
6516,1053,5
6517,1025,5
6518,4827,9
6519,4687,13
6521,5483,5
6523,1446,5
6524,527,5
6525,5147,9
6526,3149,5
6527,457,9
6530,1269,5
6531,3358,5
6532,883,5
6533,2527,5
6534,836,5
6538,5020,5
6539,934,5
6537,2033,5
6541,3309,5
6565,2800,5
6543,4985,5
6551,5335,5
6548,655,10
6547,4478,5
6550,5416,16
6571,371,5
6554,5126,5
6567,5006,5
6568,2368,9
6562,2277,7
6570,1407,5
6569,2374,5
6572,2906,9
6574,4034,9
6576,5131,5
6577,2282,5
6578,3501,11
6579,916,5
6580,2191,5
6583,4065,5
6585,3418,9
6584,957,5
6589,577,9
6587,2361,5
6590,514,5
6591,3553,5
6592,2,5
6593,3057,9
6595,4002,13
6596,4185,5
6597,911,5
6606,1560,9
6603,4236,5
12178,2430,5
6608,2969,5
6610,3316,5
6613,1176,5
6612,1273,9
6626,4363,16
6627,4363,7
6623,3795,9
6621,4112,5
6619,4955,8
6620,4863,9
6636,562,5
6669,5490,5
6638,4577,5
6629,326,5
6634,3470,5
6631,328,5
6637,2543,9
6639,1753,16
6640,3893,3
6645,4842,9
6642,1551,5
6643,5446,5
6676,4211,9
6675,2298,9
6648,4872,10
6649,557,5
6650,4074,10
6668,4100,5
6673,930,14
6653,545,5
6654,1809,5
6656,1359,8
6657,2621,5
6658,3741,5
6659,3750,10
6663,340,9
6661,4973,5
6667,1004,5
6670,3064,5
7969,4931,5
6677,325,9
7245,4936,5
6687,671,14
6680,706,5
6780,3929,5
6684,3289,8
6685,4978,5
6686,3223,5
6688,1744,5
6689,1548,9
6690,1893,5
6694,4846,9
6693,1117,9
6695,593,16
6696,1500,9
6697,5360,5
6700,2464,9
6699,1736,5
6702,1612,9
6703,1749,9
6706,3411,5
6705,2928,5
6707,5361,5
6708,1596,5
6709,4473,5
6710,3680,3
6711,3680,9
6715,1058,9
6714,3179,9
6716,4947,10
6717,3201,9
6719,3800,5
6720,1725,9
6721,3637,9
6723,246,5
6725,228,9
6726,1682,5
6727,2687,9
6729,4314,9
6730,2587,5
6733,5318,5
6732,1327,5
6734,1811,9
6735,183,9
6736,2594,9
6738,2476,9
6739,3712,9
6741,3787,9
6742,2599,9
6875,4969,9
6745,1865,9
6746,5452,5
6747,4096,5
6748,1610,9
6751,539,5
6752,4412,5
6753,2332,10
6754,2332,9
6758,1322,5
6757,237,5
6767,2149,9
6768,2149,5
6763,1118,9
6766,4919,9
6765,607,5
6769,4132,5
6770,703,5
6771,2817,14
6772,3172,5
6773,2591,5
6774,4339,5
6777,1209,5
6778,2404,5
6779,2963,9
6782,36,9
6783,3618,9
6784,5233,5
6785,4321,9
6786,4775,9
6787,2685,14
6788,2381,14
6789,465,5
6791,1296,9
6792,1433,5
6793,4781,5
6794,2572,5
6795,1999,9
6797,3738,16
6806,5084,5
6805,384,5
6804,384,9
6816,87,5
6815,5036,5
6810,4148,9
6811,2417,5
6820,2690,5
6819,2967,5
6821,3621,5
6829,4000,5
6823,2477,5
6824,2714,5
6825,2643,5
6827,1659,5
6828,3599,5
6834,4461,5
6831,1822,9
6833,3696,5
6836,3857,9
6838,1664,9
6839,4434,9
6840,1160,9
6841,4812,14
6843,2654,16
6845,5011,9
6846,3008,10
6847,3008,5
6849,2115,5
6850,1369,5
6851,4952,5
6852,4323,5
6853,4912,9
6855,1976,5
6856,1116,5
6857,2462,5
6858,4607,9
6860,1650,5
6863,2214,9
6862,2308,5
6864,4047,5
6865,4964,5
6866,550,9
6867,1210,5
6868,418,9
6870,2203,5
6888,636,5
6877,3752,9
6873,5291,5
6874,4485,5
6887,5121,5
6879,1754,5
6880,169,9
6882,2542,5
6884,4646,5
6889,798,5
6890,772,5
6894,5283,5
6892,4641,5
6893,2848,5
6901,2981,5
6896,1870,5
6902,269,5
6903,2124,5
6900,2900,9
6918,452,5
6909,3491,5
6913,1245,5
6915,2013,9
6917,4550,16
6919,3653,9
6920,259,9
6921,5209,9
6922,1742,5
6923,5163,5
6924,4127,9
6925,2317,9
6926,718,5
6929,5379,13
6930,5379,5
6935,4734,9
6937,1832,5
6938,2782,13
6940,8,5
6942,3734,9
6943,3803,9
6945,4527,10
6946,4527,11
6947,4527,9
6948,5220,9
6950,1252,9
6951,1968,9
6952,3341,9
6956,2724,5
6955,1660,5
6958,563,5
7011,4400,5
7013,3581,5
6966,5498,9
6965,2756,9
6989,2731,5
6968,1827,9
6971,4114,9
6972,2355,10
6973,2355,9
6974,4828,5
6975,1979,9
6976,3167,10
6978,888,9
6979,2975,5
6980,1733,5
6981,1520,8
6983,4159,5
6984,3304,9
6985,4299,8
6987,2842,8
6990,4501,5
6991,5367,5
6992,2467,5
6994,4544,5
6995,261,5
6997,4435,9
6999,489,9
7002,2962,5
7003,994,13
7004,994,10
7005,67,5
7008,4526,8
7012,4164,7
7015,3192,5
7017,3843,5
7019,763,14
7024,3681,9
7021,168,13
7022,168,10
7023,4399,14
7026,2996,5
7027,833,5
7033,4032,5
7029,5170,9
7031,2144,5
7034,174,9
7035,1474,9
7036,4187,9
7038,3913,7
7039,1913,9
7040,3050,7
7041,3472,9
7043,4943,9
7045,2528,16
7047,1573,9
7048,1288,5
7050,3564,5
7052,2226,5
7054,3375,9
7055,1876,9
7058,5106,5
7057,1469,9
7059,4343,10
7060,2285,5
7062,1224,5
7064,1399,9
7065,5154,5
7067,3697,5
7069,2844,9
7071,360,8
7114,658,9
7127,4165,5
7129,613,5
7145,1928,9
7154,5497,9
7167,2497,9
7173,2088,5
7195,1563,5
7202,4649,5
7226,2811,9
7235,3796,11
7236,389,5
7237,1889,5
7239,104,5
7242,5047,5
7263,4058,9
7256,1124,5
7259,5102,5
7264,4181,16
7274,1408,9
7303,1727,5
7306,2388,5
7315,1838,5
7421,1722,5
7419,4214,9
7333,3285,5
7340,4490,5
7344,4382,5
7418,1774,16
7350,996,5
7354,4366,10
7355,3529,9
7357,634,9
7366,2910,5
7367,737,11
7376,3047,5
7374,2301,5
7379,2365,5
7380,335,16
7391,4850,9
7417,896,5
7415,3017,9
7412,986,9
7406,3353,9
7413,1946,5
7409,3361,5
7410,2645,5
7411,1265,5
7420,3656,9
7423,1503,5
7424,155,5
7426,2646,5
7429,548,5
7428,1834,5
7431,3502,5
7432,5296,5
7739,1756,5
7434,4315,5
7435,1948,9
7438,2694,5
8141,4330,5
7441,4282,8
7445,178,5
7446,1430,5
7448,1541,5
7738,3320,5
8142,3269,5
7755,1939,5
7756,4854,5
7758,667,5
7747,3573,9
7763,4878,5
7749,2938,5
7753,1512,5
7752,5266,5
7762,869,5
7765,3870,5
7767,2843,5
7769,3014,5
7771,1491,5
7772,111,5
7773,151,9
7774,3862,5
7776,2030,5
7782,523,9
7781,4071,5
7784,5425,9
7786,4121,16
7787,2010,5
7789,1863,5
7791,160,9
7970,5083,5
7793,4085,5
7795,587,5
7797,2470,5
7799,541,5
7801,2711,7
7802,1038,9
7803,1301,9
7806,870,14
7808,3427,5
7822,5278,5
7821,2651,9
7820,3723,9
7819,5116,9
7831,1695,5
7818,5271,9
7832,1484,9
7835,3237,9
7826,2824,5
7833,1709,5
7836,2121,9
7838,1429,5
7840,949,5
7842,3859,5
7844,5382,5
7846,101,5
7848,3402,5
7849,4353,5
7850,5459,5
7851,5135,14
7853,3816,5
7855,1859,5
7857,1686,9
7859,5228,9
7862,2217,5
7864,1734,16
7866,3684,5
7868,4087,9
7941,4397,5
7945,14,5
7944,494,5
7946,4849,9
7948,2680,5
7949,3746,8
7951,538,5
7953,44,5
7957,2139,5
7956,2139,9
8008,5348,5
7961,3867,5
8005,3833,5
7967,2498,8
7968,2545,11
7971,5216,9
7973,720,14
7975,3345,14
7976,1849,9
8004,2072,9
7982,2398,9
7989,1343,5
7991,2997,5
7995,4118,5
7998,3442,5
8000,1199,9
8002,3987,9
8048,5009,5
8047,4807,5
8023,1888,5
8027,3760,5
8029,2237,5
8032,1661,5
8035,1819,5
8038,2414,10
8041,4880,5
8044,759,9
8054,700,5
8062,2150,5
8063,4225,5
8064,4800,5
8066,4207,5
8068,729,5
8070,4594,5
8081,1341,9
8076,1570,9
8080,3554,5
8082,1776,9
8083,1987,9
8084,809,10
8134,908,5
8135,2670,9
8136,3425,5
8137,3158,5
8138,4495,5
8139,476,5
8140,3025,9
8144,1705,9
8147,5210,5
8149,2026,9
8150,5427,9
8151,4994,9
8153,391,9
8154,1997,5
8155,149,5
8156,2880,5
8157,1213,10
8159,4895,5
8161,4709,5
8163,753,9
8165,3808,9
8169,1163,5
8168,1163,9
8171,2142,9
8173,2560,9
8174,2943,9
8175,2344,5
8176,3051,16
8177,555,5
8179,1504,5
8181,2024,5
8182,5114,9
8183,967,9
8184,1103,9
8187,441,5
8189,5413,5
8191,1148,9
8192,3503,5
8194,4979,9
8195,5444,5
8197,12,5
8198,1336,5
8202,3355,5
8203,1631,5
8201,395,5
8204,1487,5
8205,2857,5
8206,4189,3
8207,4189,9
8208,4436,3
8209,4436,5
8210,3673,5
8211,3869,9
8212,1405,5
8213,1492,7
8214,1492,9
8215,3775,10
8216,4476,5
8217,1304,3
8218,1304,9
8219,5256,9
8220,495,5
8221,3609,5
8222,4054,5
8223,1635,10
8224,2359,9
8227,5064,9
8226,379,5
8230,5033,9
8232,342,10
8233,1921,5
8234,3720,5
8247,11555,13
8248,11555,9
10076,11554,13
10077,11554,9
8254,11553,5
8269,11552,5
10078,11551,5
9412,11550,5
8260,11549,5
8261,11548,5
8353,11547,10
8432,11546,16
8433,11546,5
8434,11544,5
8435,11543,5
8267,11542,5
8361,11541,11
8357,11540,10
8275,11539,5
8363,11538,5
8277,11531,9
8278,11530,5
8279,11529,5
8318,11528,5
8319,11527,5
8283,11526,5
8284,11525,5
8288,11524,7
8314,11523,5
8315,11522,5
8291,11521,5
8292,11520,5
8293,11519,5
8295,11518,10
8364,11517,5
8297,11516,5
8298,11515,16
8299,11514,5
8300,11513,5
8316,11537,5
8317,11536,5
8436,11535,5
8304,11534,5
8307,11533,5
8437,11532,5
8312,11475,5
8313,11474,5
8320,11473,9
8321,11472,5
8323,2871,14
8347,9546,13
8365,10546,5
8350,10545,9
8360,11541,10
8362,11541,9
8358,11540,11
8359,11540,9
8368,11471,9
8367,11470,9
8369,11469,5
8370,11468,5
8371,11467,5
8372,11466,5
8373,11465,5
8377,11464,5
8375,11463,5
10081,11462,9
8378,11461,5
8379,11460,8
8382,11459,5
8381,11458,5
8383,11456,5
8384,11455,5
8385,11454,5
8386,11512,5
8387,11511,5
8388,11510,5
8389,11508,5
8390,11507,5
8392,11506,10
8393,11505,5
8438,11504,11
8439,11504,5
8400,11503,5
8397,11502,5
8398,11501,10
8399,11500,5
8402,11499,9
8403,11498,5
8404,11497,5
8405,11496,5
8406,11495,5
8407,11494,9
8440,11492,9
8410,11491,5
8428,11490,5
8412,11489,5
8413,11488,5
8416,11487,5
8415,11486,5
8417,11485,5
8418,11484,5
8419,9551,5
8420,9550,5
8421,11482,5
8422,11481,5
8423,11480,9
8425,11479,5
8427,11478,5
8441,11453,5
8444,11452,5
8443,11451,5
8445,11450,5
9403,11449,9
8447,11448,5
8448,11447,5
8449,11446,5
8450,11445,5
8451,11444,5
9404,11443,5
8453,11442,5
8454,11441,5
8455,11440,5
8456,11439,5
8457,11438,5
8458,11437,5
8459,11436,5
8460,11434,5
9179,11432,5
8462,11431,5
10082,11420,5
8464,11419,5
8466,11418,9
8467,11417,5
8469,11416,5
8472,11415,10
8473,11415,11
8484,11414,7
8475,11411,5
8476,11412,5
8477,11413,5
8478,11410,5
8479,11409,5
8481,11408,5
8491,11407,7
8492,11407,5
8485,11414,5
8486,11406,5
8489,11405,5
8560,11397,9
10007,11396,5
8495,11395,5
8498,11394,5
8584,11313,9
8505,11404,9
10083,11403,9
10084,11403,5
8511,11402,5
8512,11429,5
8513,11428,5
8514,11427,5
8515,11426,5
8516,11425,5
8517,11424,5
8518,11422,5
8519,11421,5
8520,11393,5
10085,11390,5
8522,11392,5
8523,11389,5
10086,11388,5
8525,11387,5
10087,11386,9
10088,11385,5
8561,11401,9
8562,11314,9
8532,11400,5
8533,11399,5
8534,11398,5
8537,11330,5
8538,11329,5
8539,11328,5
9177,11327,5
8541,11326,5
8542,11325,5
8543,11324,5
10090,11323,5
8545,11322,5
9178,11321,5
8553,11320,5
8552,11319,5
8554,11318,5
8557,11317,5
10091,11316,5
8559,11315,9
8570,11312,5
9405,11311,5
10092,11310,5
8568,11309,5
8571,11308,5
8572,11307,5
8573,11303,5
8575,11302,5
8576,11301,10
8577,11300,5
8581,11299,5
8579,11298,5
8580,11297,5
8582,9536,9
8585,9535,9
8586,9534,5
8587,11296,5
8588,11295,5
8589,11294,10
8590,11289,5
8591,11288,5
10093,11287,5
8593,11286,5
8594,11285,5
8595,11284,9
10013,11293,9
8600,11292,9
8602,11291,9
9406,11290,9
9182,11283,5
8605,11282,10
8606,11281,11
8607,11280,5
8608,11279,5
8609,11278,5
8610,11277,9
10094,11276,5
8612,11275,5
8614,11274,5
10095,11273,9
10015,11272,5
10016,11271,5
8620,11270,5
8650,11269,9
10017,11268,9
8630,11267,9
8624,11266,9
8625,11265,5
8626,11264,16
8627,11263,7
8651,11262,9
8631,11261,5
10018,11260,8
10079,11476,9
8634,11259,8
8645,11258,5
8636,11257,10
8637,11256,10
8638,11255,5
8646,11254,5
8641,11253,5
8642,11252,5
8643,11251,5
8647,11250,5
10096,11249,9
8649,11248,9
8654,11247,5
8653,11246,5
8655,11245,7
8656,11244,14
8657,11384,5
8658,11383,5
8661,11382,10
8660,11381,5
10019,11306,9
10097,11305,13
10098,11305,16
10022,11304,5
8669,11243,5
8670,11242,5
8671,11380,5
8672,11241,10
8673,11241,11
8674,11240,9
8675,11379,5
8676,11239,9
8677,11238,13
8678,11378,5
8679,11377,5
8680,11237,5
8681,11376,5
8682,11236,5
8683,11235,5
8684,11234,5
8685,11233,5
8686,11232,5
10089,11375,9
8688,11374,14
8689,11373,5
8690,11372,5
8691,11371,5
8692,11370,5
8693,11369,5
8694,11368,5
8695,11367,5
8696,11366,5
8697,11365,5
8698,11364,5
8699,11363,5
8702,11362,5
8701,11361,5
8703,11360,5
8704,11359,5
8705,11358,5
8706,11357,14
8709,11231,5
8708,11230,5
8710,11229,5
8711,11228,5
10023,11227,5
8713,11226,5
10024,11225,5
8715,11224,5
8716,11223,5
10025,11222,5
8718,11221,5
8719,11220,5
8720,11219,5
8723,11218,14
10100,11217,5
8725,11216,5
10099,11207,9
8727,11206,5
8728,11205,5
10101,11204,5
9183,11203,5
9184,11202,5
8732,11201,5
9185,11200,5
10105,11199,9
10106,11198,5
10107,11196,5
10108,11197,9
8743,11195,5
8744,11194,5
8745,11193,8
8746,11192,9
8747,11191,5
8748,11190,9
11135,11189,5
8750,11188,5
8751,9548,10
8752,9548,8
8753,9549,16
8754,11187,5
8755,11186,5
9186,11185,5
9187,11184,5
8758,11183,9
9188,11182,5
9189,11181,5
8761,11180,5
9190,11179,5
8763,11178,5
11134,11176,9
11144,11175,9
8766,11174,5
8767,11173,5
9192,11172,5
8772,11171,5
9193,11170,5
8773,11169,5
8774,11168,5
8775,11167,5
8776,11166,5
8777,11165,5
8778,11164,8
8779,11163,5
8780,11162,5
8781,11161,5
8782,11160,9
8783,11159,8
8784,11157,14
8785,11156,5
9198,11155,5
8787,11154,16
8788,9489,5
8789,9488,5
8790,11215,10
8791,11215,5
11146,9487,9
11151,11114,9
8794,11214,14
8795,11356,5
10027,11213,14
8798,11355,5
8799,11212,5
8800,11354,5
8801,11211,5
8802,11353,5
8807,11210,5
8804,11209,5
8805,11352,5
8820,11208,5
8809,11351,5
8810,11350,5
8814,11036,5
8812,11349,5
8813,11035,9
8815,11348,5
8816,11034,5
8817,11033,10
8818,11347,5
8819,11032,5
8821,11031,5
8822,11126,5
8823,11030,5
8824,11029,5
11150,11125,5
8828,11028,5
8827,11124,5
8829,11027,5
8830,11123,5
8831,11346,10
8832,11026,5
8833,11025,5
8846,11024,5
8835,11122,5
8836,11023,5
8837,11345,5
8838,11121,5
8839,11344,5
8840,11343,5
8841,11120,5
8842,11022,5
8843,11342,5
8844,11119,9
8847,11021,5
8848,11118,14
8849,11340,5
8850,11020,5
8851,11019,5
8852,11339,5
8853,11117,5
8854,11338,5
11166,11018,9
8856,11017,5
8857,11116,5
8858,11016,5
8859,11337,5
8860,11115,5
8861,11336,5
8862,11335,5
8874,11015,10
11167,11014,9
8865,11334,5
8867,11333,5
8868,11332,5
8869,11331,5
8870,11005,5
8875,11013,10
8872,11004,5
8876,11003,9
8877,11012,5
8878,11011,14
8879,11010,9
8880,11002,5
8881,11001,5
11168,11009,9
8883,11000,5
8885,11008,5
8886,10999,5
8887,11007,10
8888,11006,5
8889,10998,5
8890,10997,5
8891,10996,5
8892,10995,5
8893,10994,9
8894,11113,5
8895,10993,5
8896,11112,5
8897,10992,5
8898,11111,5
11152,11110,5
8900,10991,5
8901,11109,9
8902,10990,5
8903,11108,5
8904,11107,5
11153,11106,5
8906,11105,5
11154,11104,9
8908,11103,10
8909,11103,5
8910,9486,9
8911,11102,5
11155,11101,5
8913,11100,5
11156,11099,5
8915,11098,3
8916,11098,11
8917,11097,5
11158,11096,11
11157,11096,10
11159,11096,9
11160,11095,9
8922,11094,10
8923,11093,5
8924,11092,5
11161,11091,9
11162,11090,5
8927,11089,5
8947,3498,5
8967,10715,5
8968,10714,5
8969,10713,5
8970,10712,5
8971,10711,5
8972,10710,5
8973,6430,5
11169,6428,5
8975,6424,9
8976,10709,5
8977,10708,5
8978,10707,5
8979,10706,5
8982,10705,5
8981,10704,5
8983,10703,5
8984,10701,5
8985,10700,5
8986,10699,5
8987,10698,5
8988,10697,5
11171,10696,5
8993,10694,5
8994,10693,9
9041,10692,5
9042,10691,5
9043,10690,5
9057,10689,5
9045,10688,10
9046,10687,9
9047,10686,9
9048,10685,5
9049,10684,5
9050,10683,5
11172,10682,5
11173,10681,9
9054,10680,5
9055,10679,5
9056,10678,5
9058,10677,5
9176,10676,9
9061,10675,5
9062,10989,5
9063,10674,9
9064,10673,5
9065,10988,5
9066,10672,5
9067,10987,5
9069,10671,5
9070,10670,5
9071,10669,5
9072,10986,5
11174,10668,9
9074,10667,5
9075,10666,5
9076,10984,5
9077,10665,5
9212,10664,9
9079,10985,5
11175,10663,5
9081,10662,5
9082,10661,5
9083,10983,5
9084,10982,5
9085,10981,5
9086,10980,5
9087,10979,5
9088,10978,5
9089,10977,5
11163,11088,5
9091,11087,5
11164,11086,9
9093,11085,10
9094,11085,11
9095,11084,5
9096,10976,5
9097,10975,5
9407,11083,5
9099,11082,5
9100,11081,5
9101,11080,5
9102,10974,9
9199,11153,5
9200,11152,5
9105,10973,5
9106,11151,5
9107,11079,9
9108,10972,14
9109,11150,5
9110,11077,5
9111,10971,5
9112,11076,5
9113,10970,5
9114,11149,9
9115,11148,9
9116,11073,5
9117,11145,5
9118,11144,5
9201,11143,5
9120,11142,5
9121,11141,5
9122,11140,5
11147,11139,5
9196,11138,5
9125,11137,5
11148,11136,9
9127,11135,5
9128,11134,5
9129,11133,5
9130,11132,5
9131,10969,5
9132,10968,14
9133,10967,10
9134,10967,5
11149,11131,5
9136,10966,5
9137,11130,5
9138,11129,5
9139,10965,5
9140,11128,5
9146,10964,9
9142,11127,5
9143,10963,9
9144,10962,13
9145,6485,5
9147,6482,5
9151,10961,5
9152,10960,5
9154,11072,5
9155,10959,14
11165,11071,5
9160,10958,5
9163,11070,5
9164,10957,5
9166,10956,5
9169,10955,9
9172,10953,10
9173,10953,5
9174,10952,5
9175,11069,9
9218,4467,5
9220,10660,5
9223,10659,5
9224,10658,5
9226,10657,5
9228,10656,5
9229,10655,5
11176,10654,5
9231,10653,5
9235,10652,5
9240,10651,14
11177,10650,5
9662,6298,5
9663,6299,5
9249,10649,9
10080,6300,5
11178,10648,9
9257,10647,5
11179,10646,9
9272,10645,9
11180,10644,9
9284,11068,5
9287,11067,5
9289,11066,5
9291,11065,5
9292,11064,5
9293,11063,10
9294,11063,11
9295,11062,5
9296,11061,10
9297,11061,11
9301,3048,3
9304,3717,9
9305,11060,5
9306,11059,14
9309,11058,14
9310,11057,14
9315,11056,5
9318,11055,5
9322,11054,9
9326,88,5
9327,11053,9
9330,11052,5
9332,11051,5
9334,11050,5
9336,11049,5
9341,11048,5
9342,11047,5
9343,11046,5
9345,11045,5
9348,11044,5
9350,11043,5
9352,11042,5
9357,11075,9
9358,11074,8
9361,11041,10
9362,11041,5
9363,11040,5
9366,11039,5
9370,11038,5
9372,11037,9
9375,9545,5
9376,9544,5
9377,9543,5
9378,9542,8
9379,10635,5
9380,10634,5
11181,10633,5
9382,10632,5
9383,10631,14
9384,10630,5
9385,10629,5
9386,10628,5
9387,10627,5
9388,10626,5
9389,10625,5
9390,10624,5
9391,9547,5
9392,10623,5
9393,10622,9
9394,10621,5
11182,10620,5
9396,10619,5
9397,10618,5
9398,10617,5
9399,10616,5
9400,10615,5
11183,10614,9
9402,10613,9
9415,10643,5
9416,10642,9
9417,10641,5
9418,10640,5
9419,10639,5
9434,10638,5
9422,10637,5
9423,10636,5
9424,10594,5
11185,10593,5
9426,10592,5
9427,10591,5
9428,10590,5
11186,10589,5
11187,10588,5
9431,10587,5
11188,10586,10
11189,10585,5
11190,10584,5
9439,10583,5
9440,10582,5
11191,10581,9
9442,10612,5
11184,10611,10
9444,10610,10
9445,10610,8
9446,10609,5
9447,10608,5
9448,10607,8
9449,10606,5
9450,10605,5
9451,10604,5
9452,10603,5
9453,10602,5
9457,10601,16
9455,10600,5
9456,10599,9
9460,10598,5
9459,10597,5
9461,10596,5
9462,10595,5
9463,10529,5
9464,10528,5
9465,10527,5
9466,10494,5
11768,10493,5
11769,10492,8
11205,10526,9
9470,10525,5
9471,10491,5
9472,10490,5
9473,10489,5
9474,10524,5
9475,10488,5
9476,10523,5
9484,10487,14
9485,10487,9
11770,10486,5
9481,10522,5
9482,10521,5
9483,10485,5
9486,10484,5
9487,10483,9
9488,10482,5
9489,10481,9
11771,10480,5
11772,10479,5
9492,10478,5
9493,10477,9
9494,10476,5
9495,10475,5
9496,10474,5
9497,10473,5
9498,10472,8
9499,10471,5
9500,10470,5
9501,10469,9
9502,10468,5
9503,10467,5
9505,10466,5
9506,10465,5
9507,10464,5
9508,10463,5
9509,10462,5
9510,10461,9
9511,10460,5
9512,10459,5
9513,10458,5
9514,10457,5
9515,10456,5
9516,10455,5
9517,10454,5
9518,10453,5
9519,10452,9
9520,10451,5
9521,10450,14
9522,10450,9
9523,10449,5
9524,10448,5
9525,10447,9
9526,10951,9
9527,10950,5
11773,10949,5
9529,10948,5
9530,10947,3
9531,10947,9
11774,10946,5
9533,10945,5
9534,10944,5
9535,10943,9
9536,10942,3
9537,10942,9
11776,10941,9
11775,10941,3
9540,10940,10
9541,10922,9
9542,10921,5
9543,10920,14
9544,10920,9
9545,10939,9
9546,10938,10
9547,10938,14
9548,10937,14
9549,10936,5
9550,10919,5
9551,10918,5
9552,10917,5
11777,10916,5
9554,10915,5
9555,10935,5
11778,10934,5
9557,10933,9
10053,107,3
9659,606,5
9660,4026,5
9661,4908,5
9665,10914,5
9666,10913,5
11206,10520,5
9668,10519,5
9669,10518,5
9670,10517,5
9671,10514,9
11763,10515,9
11764,10513,14
11766,10512,14
11765,10512,10
9677,10511,14
9678,10510,9
9679,10509,5
9680,10508,5
9681,10507,5
9682,10506,5
9683,10505,5
11767,10504,5
9685,10503,5
9686,9485,5
9687,10932,5
9688,10502,5
9689,10825,5
9690,10824,5
9691,10501,9
11779,10912,5
9693,10911,5
9694,10500,5
9695,10910,5
11780,10931,9
9697,10499,5
9698,10498,5
9699,10497,5
9700,10496,5
9701,10495,5
11781,10930,9
9705,10783,5
9704,10782,5
9706,10781,5
9707,10780,5
9708,10580,5
9710,10579,5
11192,10578,9
9727,10577,5
9713,10576,5
9714,10575,5
9715,10574,5
9724,10573,9
9717,10572,5
9719,10571,9
11194,10570,3
11196,10569,9
11197,10568,5
9729,10567,9
9730,10566,9
9731,10565,9
9732,10564,5
9733,10563,5
9734,10562,9
9735,10561,5
9736,10560,5
9737,10559,5
9739,10558,5
9743,10557,5
9742,10556,5
9744,10555,5
9745,10554,5
9746,10552,5
9747,10551,5
9748,10550,14
9749,10549,5
11199,10548,14
11198,10548,10
9752,10547,14
11202,6409,10
11201,6409,3
9755,10544,5
9758,10543,5
9757,10542,5
9759,10541,5
9760,10540,5
9761,10539,5
9762,10538,10
9763,10537,5
11203,10536,5
11204,10535,9
9766,10534,5
9767,6405,5
9768,6404,5
9769,6401,5
9770,6402,5
9771,11585,5
9772,11584,5
9773,11583,5
9774,11582,8
9776,11581,5
9777,11580,8
9778,11579,5
9779,11578,5
9780,11577,5
9782,11576,5
9783,11575,5
9784,11574,5
9785,11573,5
10074,11572,5
9787,11571,5
9788,11570,5
10075,11569,9
9790,11568,9
9791,11567,5
9792,11566,5
9793,11565,5
9794,11564,5
9795,11563,5
9796,11562,5
9797,11561,5
9798,11560,5
9799,9553,13
9800,9552,5
9801,11558,5
9802,11557,5
9803,11556,5
9804,11559,5
9840,10823,5
9841,10822,5
9842,10821,5
9843,10909,5
9844,10908,8
9845,10907,5
9846,10906,5
9847,10905,5
9848,10904,5
9849,10820,10
9850,10820,5
9851,10929,5
9852,10928,14
9853,10928,9
9854,10927,9
9855,10926,14
9856,10819,5
9857,10818,5
9858,10817,9
9859,10816,5
9860,10815,8
9861,10925,5
9862,10924,5
9863,10923,5
9864,10814,5
9865,10813,5
9866,10812,9
9867,10811,10
9868,10811,9
9869,10810,5
9870,10809,5
9873,10808,5
9872,10807,5
9874,10806,9
9875,10805,5
9876,10804,5
9877,10803,5
9878,10802,7
9879,10801,5
9880,10800,9
9881,10779,5
9882,10799,14
9883,10799,9
9884,10798,5
9885,10797,5
9886,10778,5
9887,10796,5
9888,10777,9
9889,10903,9
9890,10902,5
9891,10901,5
9892,10900,9
9893,10899,5
9894,10898,5
9895,10897,5
9896,10896,5
9899,10895,5
9898,10894,5
9900,10893,9
9901,10892,9
9902,9540,10
9903,9539,5
9904,10891,9
9905,9538,5
9906,10890,5
9907,9537,9
9908,10795,3
9909,10795,11
9910,10795,9
9911,10794,9
9912,10888,9
9913,10793,9
9914,10792,9
11784,10889,9
9916,10791,9
9917,10887,9
11783,10790,11
11782,10790,10
9920,10886,5
9921,10789,5
9922,10788,5
9923,10885,5
9924,10787,9
9925,10786,5
9926,10785,9
9927,10784,5
9928,10884,9
11785,10883,8
9930,10882,5
9931,10881,9
9933,10880,5
9934,10879,9
9935,10878,5
9936,10877,5
9937,10876,5
9938,10875,5
9939,10874,5
9940,10873,5
9941,10872,5
9942,10871,5
9943,10870,5
9944,10869,5
9945,10868,5
9946,10867,5
9949,10866,5
9948,10865,5
9950,10864,5
9951,10776,14
9952,10775,5
9953,10774,5
9954,10773,5
9955,10772,5
9956,10771,5
9957,10770,5
9958,10769,5
9959,10768,9
9960,10767,5
9961,10766,5
9962,10765,5
9963,10764,5
9964,10763,5
9965,10762,5
9966,10761,5
9967,10760,5
9973,2853,5
9978,3993,5
10121,10731,9
10122,10730,5
10123,10729,5
10124,10728,5
10125,10727,5
10126,10726,5
10127,10725,8
10128,10724,5
10129,10723,5
10130,10722,14
10131,10721,5
10132,10720,5
10133,10719,5
10134,10718,9
10135,10717,9
10136,10716,5
10137,10446,5
10138,10445,5
10139,10444,5
10140,10443,5
10141,10442,5
10142,10441,9
10143,10440,5
10144,10439,5
10145,10438,5
10146,10437,5
10147,10436,5
10148,10435,5
10149,10434,5
10150,10433,5
10151,10432,5
10152,10431,5
10153,10430,5
10154,10429,5
10155,10428,9
10156,10427,9
10157,10426,5
10158,10425,5
10159,10424,5
10160,10423,9
10161,10422,5
10162,10421,5
10163,10420,9
10164,10419,9
10165,10418,5
12087,10417,9
10167,10416,5
10168,10415,5
10169,10414,5
10170,10413,5
10171,10412,5
10172,10411,5
10173,10410,5
12088,10409,9
10175,10408,9
10221,10759,9
10222,10757,8
10223,10756,9
10224,10755,9
10225,10754,5
10226,10753,5
10227,10752,5
10228,10750,5
10229,10749,5
10230,10748,5
10231,10747,5
11788,10746,9
10233,10745,14
11817,2163,10
10236,10744,5
10237,10743,5
10238,10742,5
10239,10741,5
10240,10740,5
10241,10739,5
10242,10738,5
10243,10407,5
10244,10406,8
10245,10737,5
10246,10736,5
12089,10405,9
11789,10735,13
11790,10735,9
10250,10734,5
10251,10733,5
10252,10732,9
10253,10863,5
10254,10862,5
10255,10861,5
10256,10860,5
10257,10859,9
10258,10858,5
10259,10857,8
10260,10856,9
10261,10855,5
10262,10854,5
10263,10853,5
10264,10852,5
10265,10851,9
10266,10850,14
10267,10850,9
10268,10849,14
10269,10848,5
10270,10847,5
10271,10846,5
10272,10845,9
10273,10844,5
10274,10843,5
10277,10842,5
10276,10841,5
10278,10404,5
12090,10403,9
10282,10402,5
10283,10401,5
10284,10400,5
10285,10399,5
10286,10398,5
10287,10397,5
10288,10396,5
10289,10395,5
10290,10393,5
10291,10392,5
12091,10391,9
10293,10390,5
10294,10389,5
10295,10388,5
10296,10387,5
10297,10386,5
10298,10385,5
10299,10384,5
10300,10383,9
10301,10382,9
10302,10381,9
10303,10380,5
10304,10379,5
10305,10378,5
10306,10377,5
10307,10376,5
10308,10375,5
12092,10374,5
10310,10373,5
10311,10372,5
10312,10371,5
10313,10370,8
10314,10369,5
10315,10368,5
10316,10367,9
10317,10366,9
10345,10365,9
10346,10364,9
10347,10363,9
12093,10362,9
10349,10361,9
12094,10360,9
10351,10359,9
10352,10358,5
10353,10357,14
10354,10357,9
10355,10356,14
10356,10355,5
10357,10354,5
10358,10353,5
10359,10352,5
10360,10351,5
10361,10350,5
10362,10349,5
10363,10840,5
10364,10839,5
10365,10838,5
10366,10837,9
10367,10836,5
10368,10835,5
10369,10834,5
10370,10833,5
10371,10832,9
10372,10831,5
10373,10830,9
10374,10829,14
10375,10828,5
10376,10827,5
10377,10826,5
10378,10348,5
10379,10347,5
10380,10346,5
10381,10345,5
10382,10344,5
10383,10343,5
10384,10342,5
10385,10341,5
10386,10340,5
10387,10339,5
10388,10338,8
10389,10337,5
10390,10336,8
10391,10335,5
10392,10334,5
10393,10333,5
10394,10332,5
10395,10331,5
10396,10330,5
10397,10329,7
10398,10329,14
10404,10328,5
10400,10327,5
10403,10326,5
10402,10325,5
10405,10324,9
10406,10323,10
10407,10323,11
10408,10322,5
10409,10321,5
10410,10320,9
10411,10319,5
10412,10318,9
10413,10317,14
10414,10316,5
10415,10315,5
10416,10314,5
10417,6398,5
10418,6396,5
10419,6395,5
10420,6392,5
10421,10289,5
10481,10313,5
10482,10312,5
10483,10311,5
10484,10310,5
10485,10309,5
10486,10308,5
10487,10307,5
10488,10306,5
10489,10305,5
10490,10304,5
10491,10303,5
10492,10302,5
12095,10301,5
10494,10300,5
10495,10299,5
10496,10298,5
10497,10297,5
10498,10296,5
10499,10295,9
10500,10294,5
10501,10293,5
10502,10292,5
10503,10291,5
10515,10290,10
10505,10232,5
10506,10231,5
10507,10230,5
10508,10229,5
10509,10228,5
10510,10227,9
10511,10226,5
10512,10225,5
10513,10224,5
10514,10223,5
10527,10222,5
10517,10221,9
10518,10220,5
10519,10219,5
10520,10217,9
10522,10216,5
10523,10215,5
10524,10214,5
10525,10213,5
10526,10212,9
10528,10211,5
10529,10288,5
10530,10210,5
10532,10287,5
10533,10286,5
10534,10285,5
10535,10284,5
10536,10209,5
10537,10283,9
10538,10282,7
12096,10281,5
10540,10280,5
12097,10279,9
12098,10279,8
10543,10278,5
10544,10277,10
10545,10277,11
10547,10276,5
10548,10275,5
10549,10274,5
12099,10273,5
10551,10272,10
10552,10271,5
10553,10270,5
10554,10269,5
10555,10268,5
10556,10267,5
10557,10266,5
10558,10265,5
12100,10264,5
10560,10263,5
10561,10262,5
12101,10261,5
10563,10260,5
10564,10259,9
10565,10258,5
10566,10257,5
10567,10256,5
10568,10255,5
10569,10254,5
10570,10253,13
10571,10252,5
10572,10251,5
10573,10250,5
10574,10248,5
10575,10247,5
10576,10246,14
10577,10245,5
10578,10244,5
10579,10243,5
10580,10242,5
10581,10241,9
10582,10240,9
10583,10239,9
10584,10238,10
10585,10237,10
10586,10236,5
10587,10235,5
10588,10234,3
10589,10234,9
10590,10233,9
12103,10208,14
12102,10208,7
10593,10207,9
10594,10206,9
10595,10205,8
10596,10204,8
10597,10203,5
10598,10115,5
10599,10113,10
10600,10113,14
10601,10112,10
12104,10109,14
12105,10109,9
12106,10098,5
12108,10096,14
10606,10093,5
10607,6389,13
10608,10092,9
10609,10091,9
10610,10089,9
12109,10086,9
10612,10084,10
10613,10084,5
10614,10083,13
10615,10083,10
10616,10077,5
10617,10076,9
10618,10074,9
12110,10068,5
10620,10067,14
10621,10066,9
10622,10065,9
12112,10064,5
10624,10063,9
10625,10062,9
12113,10061,9
10627,10060,9
12114,10059,9
10629,10058,9
10630,10202,9
10631,10201,14
10632,10201,9
10633,10200,9
10634,10198,9
12115,10199,9
10636,10197,9
10637,10196,9
12116,10195,8
12117,10194,8
10640,10193,5
10641,10192,16
10642,10191,5
10643,10190,5
10644,10189,5
10645,10188,5
10646,10187,5
12118,10186,14
12119,10186,5
10649,10185,9
12120,10184,9
10651,10183,9
10652,10182,9
10653,10181,5
10654,10180,9
10655,10179,9
12121,10178,5
10657,10177,5
12122,10176,5
10659,10175,5
10660,10174,5
10661,10173,5
10662,10172,5
10663,10171,5
10664,10170,8
10665,10169,9
10666,10168,5
10667,10167,5
10668,10166,5
10669,10165,5
10670,10164,5
10671,10163,9
10672,10162,5
10673,10161,10
10674,10161,11
10675,10161,9
10676,10160,5
10677,10159,5
10678,10158,9
12123,10157,9
10680,10156,10
10681,10155,3
10682,10155,9
10683,10154,10
10684,10153,9
10685,10152,5
10686,10151,9
10687,10150,5
10688,10149,5
10689,10148,5
10690,10147,5
10691,10146,5
10692,10145,5
10693,10144,5
10694,10143,5
10695,10142,7
10696,10142,5
10697,10141,7
10698,10140,5
10699,10139,5
10700,6385,5
10701,6383,5
10702,6382,8
10703,10138,5
10704,10137,5
10705,10136,5
10706,10135,5
10707,10134,5
10708,10133,5
10709,10132,5
10710,10131,5
10711,10130,5
10712,10129,5
10713,10128,5
10714,10127,5
10715,10126,5
10716,10125,5
10717,10124,5
10718,10123,8
10719,10045,5
10720,10044,5
10721,10043,9
10722,10042,9
10723,10041,5
10724,10040,5
10725,10039,5
10726,10038,5
10727,10037,5
10728,10036,5
10729,10035,5
10730,10034,5
10731,10033,5
10732,10032,5
10733,10031,5
10734,10030,5
10735,10025,9
10736,10024,9
10737,10023,5
12124,10022,5
12125,10021,5
10740,10020,10
10741,10020,11
10742,10020,9
10743,10019,10
10744,10019,5
10745,10018,10
10746,10018,5
10747,10017,5
10748,10016,10
10749,10016,5
10750,10015,5
10751,10014,9
10752,10013,5
10753,10029,5
10754,10028,5
10755,10027,5
10756,10026,5
12126,10012,5
10758,10011,9
10759,10010,5
10760,10009,5
12127,10008,9
12129,10007,9
12130,10006,9
12131,10005,9
10765,10120,14
10766,10119,8
10767,10122,5
10768,10121,7
10769,10118,5
10770,10117,5
10771,10116,5
10772,10114,5
12132,10111,9
10774,10110,9
10775,10108,8
10776,10107,5
10777,10106,5
10778,10105,8
10779,10104,5
10780,10103,5
10781,10102,9
10782,10101,5
10783,10100,5
10784,10097,3
10785,10097,13
10786,10097,9
10787,10095,13
12133,10094,13
10789,10082,5
10790,10081,9
10791,10080,5
10792,10079,5
10793,10078,14
10794,10078,9
10795,10075,9
12135,10073,9
12136,10072,9
12137,10071,9
12138,10070,9
10800,10069,9
10801,9878,5
10802,9877,5
10803,9876,5
10804,9875,9
10805,9874,5
12139,9873,5
10807,9872,5
10808,9871,9
10809,9870,5
10810,9869,8
10811,9868,5
10812,9867,5
10813,9866,8
10814,9865,5
10815,9864,5
10816,9863,5
10817,9862,9
10818,9861,9
10819,9860,9
10820,9859,9
10821,9858,9
10822,9857,9
12142,9856,14
12143,9856,9
12140,9855,14
12141,9855,9
10827,9854,5
10828,9853,5
10829,9852,9
10830,9851,9
10831,9850,9
10832,9849,9
10833,9848,9
10834,9847,9
10835,9846,5
10836,9845,5
10837,9844,5
10838,9843,5
10839,9842,5
10840,9840,5
10841,9838,9
10842,9837,8
10843,9836,5
10844,9835,5
10845,9834,5
10846,9833,9
10847,9832,9
10848,9831,5
10849,9830,5
10850,9829,5
10851,9828,5
10858,9827,5
10853,9775,5
10854,9826,5
10855,9773,5
12144,9825,5
10857,9771,5
10859,9824,5
10860,10057,5
10861,9769,5
10862,10056,14
10863,10056,9
10864,10055,10
10865,10055,5
10866,9768,5
10867,10054,5
10868,10053,5
10869,10052,5
10870,9767,5
10871,10051,5
10872,9765,5
10873,9764,5
10874,9762,9
10876,9759,5
10877,9756,14
10878,9755,13
10879,9752,8
10880,9751,14
10881,10050,5
10882,10049,5
10883,10048,5
10884,10047,5
10885,10046,9
12145,9823,9
10887,9819,8
10888,9817,8
10889,9815,8
10890,9814,8
10891,9811,5
10892,9809,8
10893,9806,5
12146,9805,5
10895,9801,5
10896,9800,5
10897,9797,5
10898,9795,5
10899,9793,5
10900,9792,5
10901,9790,5
10902,9788,5
10903,9784,5
10904,9782,5
10905,9779,5
10906,9777,8
10907,10004,5
10908,10003,7
10909,10002,14
10910,10001,8
12153,10000,13
12154,9999,5
10913,9998,9
10914,9996,5
10915,9995,5
10916,9994,8
10917,9992,5
10918,9990,14
12155,9989,5
10920,9986,5
10921,9984,9
10922,9983,9
10923,9982,5
10924,9981,9
10925,9980,9
10926,9979,9
10927,9978,9
10928,9976,5
10929,9975,9
10930,9974,5
10931,9972,9
12156,6371,9
10933,6366,5
10934,6365,5
10935,6363,8
10936,6362,14
12157,6361,9
10938,6360,9
10939,9965,14
10940,9965,9
10941,9963,5
10942,9961,5
10947,9959,5
10948,9957,5
12158,9955,5
10950,9953,9
10951,9951,9
10952,9950,5
10953,9947,8
10954,9946,8
10955,9944,5
10956,9942,5
10957,9940,5
10958,6359,8
10959,6358,8
10960,6357,5
10961,6356,5
10962,6355,5
10963,9938,9
10964,9935,9
10965,9932,9
10966,6353,9
10967,9931,14
10968,9930,14
10969,9930,9
10970,9926,5
10971,9997,5
10972,9993,9
10973,9991,10
10974,9988,9
10975,9987,9
10976,9985,5
10977,9977,5
10978,9973,9
12159,9971,5
10981,9970,9
10982,9969,5
10983,9968,5
12160,9967,9
10985,9966,9
10986,9964,5
10987,9962,5
10988,9960,5
10989,9958,5
10990,9956,5
10991,9954,5
10992,9952,5
10993,9949,5
10994,9948,5
10995,9945,5
10996,9943,5
10997,9941,5
10998,9939,5
10999,9937,5
11000,9936,5
11001,9934,5
11002,9933,5
11003,9929,5
11004,9927,9
11005,9928,3
11006,9928,13
11007,9928,9
11010,9925,5
11009,9923,5
11011,9922,5
12161,9921,5
11013,9920,5
11014,9918,9
11015,9915,9
11016,9914,7
11017,9913,5
11018,9907,5
11019,9906,5
11020,9904,5
11021,9902,5
11022,9899,5
11023,9898,9
11024,9896,7
11025,9894,5
11026,9893,9
11027,9891,5
11028,9889,9
11029,9886,9
12163,9885,14
12162,9885,7
11032,9883,14
11033,9672,5
11034,9669,9
11035,9880,9
11036,9663,9
11037,9664,9
11038,9665,9
11039,9661,13
11040,9667,5
11041,9660,14
11042,9658,14
11043,6350,9
11044,9652,5
11045,6349,5
11046,9650,5
11047,9649,8
11048,9648,9
11049,9647,5
11050,9646,5
11051,9645,5
11052,9644,5
11053,9643,10
11054,9643,14
11055,9642,5
11056,9641,14
11057,9641,9
11058,9640,9
11059,9639,5
11060,9638,5
11061,9637,5
11062,9636,9
11063,9635,5
11064,9634,7
11065,9633,5
11066,9632,5
11067,9631,5
11068,9630,5
11069,9629,5
11070,9628,9
11071,9627,5
11072,9626,5
11073,9625,9
11074,9924,5
11075,9919,5
11076,9917,5
11077,9916,13
11078,9912,5
11079,9911,9
11080,9910,5
11081,9909,5
11082,9908,14
11083,9908,9
11084,9905,9
11085,9903,5
11086,9901,5
12164,9900,5
11088,9747,5
11095,9897,9
11096,9746,3
11097,9746,9
11098,9895,5
11100,9892,9
11101,9890,5
11104,9745,5
11105,9888,9
11106,9743,5
11107,9887,5
11109,9739,5
11110,9738,5
11111,9884,9
11112,9736,5
12181,9882,9
11137,9725,5
11115,9881,5
12165,9879,9
12147,9724,10
12148,9724,7
11129,9675,14
11130,9675,5
11131,9674,9
11132,9673,9
11136,9721,5
11140,9718,5
11141,9714,5
11142,9712,14
11143,9709,9
11145,11158,14
11170,10702,5
11195,10570,9
11200,10548,12
11207,9706,9
11208,9703,5
11209,9702,16
11210,9701,14
12151,9700,9
12149,9700,3
12150,9700,13
11214,9699,5
11215,9698,5
11324,9697,9
11217,9822,5
11218,9821,5
11219,9820,5
11220,9766,5
11221,9763,5
12171,9761,5
11223,9760,9
11224,9758,5
11225,9757,5
11226,9754,9
11227,9753,5
11228,9750,9
11229,9749,5
11230,9748,13
11231,9744,5
11232,9742,13
11233,9741,5
11234,9740,9
11235,9737,9
11236,9735,5
12172,9733,5
11238,9732,9
11239,9730,5
11240,9729,9
12173,9728,16
11242,9727,9
12174,9726,16
12175,9723,9
12176,9722,5
11246,9720,5
11247,9719,9
12177,9717,9
11249,9716,5
11250,9715,9
11251,9713,9
11252,9711,9
11253,9710,5
11256,9708,9
11255,9707,9
11257,9705,9
11258,9704,5
11259,9694,5
11260,9693,9
11263,9692,10
11264,9692,7
11265,9691,9
11266,9690,13
11267,9690,5
11268,9689,5
11270,9688,9
11271,9687,9
11272,9686,9
11273,9685,5
11274,9684,9
11275,9683,5
11277,9682,9
11278,9681,5
11279,9680,5
11280,9679,5
11282,9678,5
11283,9677,9
11286,9676,5
11287,9671,5
11288,9670,5
11290,9668,9
11291,9666,5
11292,9662,5
11293,9657,5
11294,9656,9
11295,9655,5
11296,9654,5
11297,9653,5
11298,9651,5
11299,4446,9
11300,4208,5
11301,9617,5
11302,9616,5
11303,9614,5
11304,9613,5
11305,9624,5
11306,9623,5
11307,9622,5
11308,9621,9
11309,9620,5
11310,9619,5
11311,9618,5
11312,9615,9
11313,9609,5
11314,9607,5
11315,6346,9
11316,6345,9
11317,9605,5
12152,9696,9
11332,9695,9
11349,9818,9
11355,9816,5
12166,9813,5
11368,1138,5
12167,9812,9
11377,9810,5
12168,9808,13
11380,9807,5
11381,9804,14
11382,9804,9
12169,9803,5
12170,9802,9
11385,9799,3
11386,9799,5
11388,6472,5
11443,2627,5
11472,4715,9
11504,4524,9
11756,1420,16
11682,9796,5
11683,9794,5
11684,9791,5
11685,9789,5
11688,9787,5
11687,9786,5
11689,9785,9
11690,9783,5
11691,9781,16
11692,9781,7
11693,9780,14
11694,9778,5
11695,9776,5
11696,9774,8
11697,9772,5
11698,9770,5
11703,6457,8
11715,1396,9
11716,3570,9
11720,4191,9
11761,4859,9
11734,3894,9
11737,3431,5
11740,3131,5
11744,146,5
11818,2163,5
11819,4443,5
11871,6448,5
11872,6447,5
11873,6444,8
11874,6442,8
11876,1287,5
11941,3148,9
11955,2233,9
11968,11635,5
11969,11634,10
11970,11633,5
11971,11632,5
11972,11631,5
11973,11630,14
11974,11629,5
11975,11628,5
11976,11627,13
11977,11627,10
11978,11626,5
11979,11625,5
11980,11624,9
11981,11623,5
11982,11622,5
11983,11621,5
11984,11620,5
11985,11619,5
11986,11618,5
11987,11617,5
11988,11616,5
11989,11615,5
11990,11614,5
11991,11613,5
11992,11612,5
11994,11611,5
11995,11610,5
11996,11609,9
11997,11608,5
11998,11607,9
11999,11605,5
12000,11606,5
12001,11604,5
12002,11603,5
12003,11602,9
12004,11601,5
12005,11600,9
12006,11599,5
12007,11598,9
12008,11597,5
12009,11596,9
12010,11595,5
12011,11594,9
12012,11593,5
12013,11592,5
12014,11591,5
12015,11590,5
12016,11589,10
12017,11589,9
12018,11588,5
12019,11587,5
12020,11586,5
12021,10533,5
12022,10532,5
12023,10531,5
12024,10530,5
12062,1171,9
12182,7379,9
12338,9595,5
12184,9225,14
12185,6453,9
12186,6451,5
12272,6449,13
12188,6443,5
12189,7360,9
12190,7359,3
12191,7359,10
12192,7358,9
12209,9002,13
12211,9002,5
12210,9002,7
12196,7357,5
12197,7356,5
12198,9001,5
12199,8139,5
12200,8138,5
12201,8137,5
12263,8136,9
12203,8133,5
12204,8132,5
12264,8131,5
12206,8130,5
12219,8129,5
12208,8128,5
12212,7603,5
12213,7602,5
12215,7601,5
12265,7600,5
12217,7599,5
12220,7598,5
12221,9228,5
12222,9229,9
12223,7597,5
12339,7596,9
12225,7354,5
12227,7353,5
12229,7352,9
12231,7351,5
12233,7350,5
12234,7349,5
12236,9224,5
12238,7289,9
12385,7288,5
12241,7287,5
12340,7595,5
12266,7594,9
12244,7593,5
12245,7591,9
12246,7591,5
12341,7592,9
12248,7590,5
12249,7589,5
12342,7588,5
12251,7587,5
12252,7586,5
12268,6565,9
12269,6564,5
12255,6562,9
12271,7707,5
12257,7706,5
12258,7706,12
12259,9227,9
12260,9226,5
12344,7431,5
12262,7402,9
12384,7435,5
12274,7434,5
12275,7433,9
12276,7432,5
12277,7412,5
12278,7409,5
12280,7408,9
12281,7396,5
12282,7395,5
12345,7394,5
12284,7393,5
12346,7392,5
12286,7391,5
12288,7390,5
12414,6436,5
12415,6435,5
12416,6433,5
12417,6432,5
12418,6431,5
12419,6427,5
12420,6425,5
12421,6423,5
12298,7385,5
12299,7384,5
12300,7383,5
12301,7382,5
12347,7534,5
12348,7533,5
12304,7530,5
12307,7527,9
12306,7526,5
12308,7521,5
12309,7520,5
12310,7519,5
12311,7518,5
12395,7515,5
12349,7514,5
12316,9218,5
12322,9217,9
12318,9216,9
12319,7450,5
12397,7449,5
12321,7448,5
12323,7501,5
12396,7500,5
12325,7499,5
12327,7498,5
12328,7497,5
12351,7454,5
12332,7453,5
12331,7452,5
12334,7451,14
12335,7447,5
12398,7446,5
12422,7445,11
12387,7286,5
12355,7285,5
12356,7267,5
12358,7263,5
12360,7262,5
12362,7261,9
12389,7258,9
12388,7258,3
12366,7257,5
12367,7256,14
12392,7249,3
12393,7249,10
12394,7248,5
12371,7247,9
12372,9222,5
12374,9220,5
12376,9219,5
12378,7246,9
12380,7245,5
12381,7548,5
12383,7547,5
12399,9215,5
12400,9214,5
12497,9213,5
12405,7437,9
12404,7437,13
12406,7436,13
12407,7436,9
12408,7430,5
12413,7429,14
12411,7428,5
12412,7427,14
12423,7445,9
12425,7426,5
12426,7425,9
12427,7424,5
12428,7423,5
12429,7420,5
12431,7419,5
12432,7418,5
12435,7417,5
12436,7416,5
12443,7407,5
12495,7406,9
12446,7405,5
12447,7404,9
12496,7403,5
12450,9212,5
12451,9211,5
12452,9210,5
12453,9209,5
12455,7401,5
12456,7400,5
12457,7399,5
12458,7398,5
12459,7389,5
12460,7388,9
12461,7387,5
12500,7386,5
12463,7381,5
12501,7380,5
12465,9168,5
12467,9167,5
12468,9166,5
12502,9165,5
12503,7378,14
12473,7377,5
12474,7376,5
12475,7375,5
12476,7374,9
12477,7373,5
12479,7372,5
12480,7371,5
12482,7370,5
12525,7369,10
12485,7368,5
12486,7367,5
12488,7366,9
12489,7365,14
12490,7443,5
12491,7442,5
12492,7441,5
12493,7440,5
12494,7439,5
12504,7363,5
12505,7362,5
12506,7361,5
12507,7177,5
12508,7176,5
12509,7175,5
12510,7174,14
12511,7172,9
12678,7169,9
12514,6378,5
12516,6377,5
12517,6376,5
12521,9161,9
12523,9160,9
12526,7166,8
12527,7165,5
12528,7490,5
12529,7489,5
12530,7488,5
12531,7487,5
12532,7486,5
12535,7485,5
12536,7484,5
12537,7477,9
12538,7476,5
12540,7483,5
12542,7482,5
12544,7481,5
12546,7480,5
12547,7479,5
12549,7478,5
12550,7475,5
12551,7474,5
12552,7473,5
12553,7472,5
12554,7471,5
12556,7470,5
12557,7469,5
12559,7468,5
12560,7467,5
12562,7466,5
12563,7465,5
12564,7464,5
12565,7463,5
12567,9159,5
12568,9158,5
12572,9157,5
12574,9156,5
12575,7462,9
12577,7460,5
12578,7459,9
12580,7700,9
12581,7698,9
12582,7458,5
12583,7623,5
12584,7291,5
12585,7290,14
12586,7284,10
12587,7283,5
12599,7282,14
12592,7281,5
12597,7280,5
12598,7279,14
12601,7278,5
12602,7277,5
12603,7276,5
12604,9154,5
12605,9153,5
12606,9152,5
12607,9151,5
12608,7275,5
12610,7274,5
12612,7273,9
12613,7272,9
12614,7271,5
12615,7270,5
12617,7269,5
12619,7268,5
12621,7266,5
12625,7265,5
12627,7260,5
12628,7259,5
12629,7255,5
12630,7254,9
12633,7253,5
12635,7252,5
12637,7251,9
12638,7250,5
12640,7244,5
12642,7243,5
12643,6470,9
12644,6467,5
12645,9146,5
12646,9145,5
12648,9144,5
12652,7242,8
12653,7241,5
12654,7240,5
12656,7239,5
12657,7238,5
12659,7237,5
12660,7236,5
12662,7235,5
12663,7234,5
12664,7233,5
12665,7232,5
12666,7231,5
12667,7230,5
12668,7229,5
12669,7228,5
12670,7227,5
12671,7226,5
12676,7225,9
12679,7171,9
12681,7170,10
12682,6473,9
12683,7168,9
12686,7167,9
12688,7164,5
12689,7163,5
12691,9143,5
12693,9142,5
12697,9141,5
12699,7160,9
12704,7161,5
12709,7694,5
12710,7159,5
12713,7158,5
12714,7157,5
12715,7156,9
12718,7154,5
12719,7153,5
12722,7144,5
12721,7143,5
12723,7140,5
12724,7139,5
12725,7138,5
12726,7137,5
12727,7136,14
12728,7132,5
12729,7131,5
12730,9138,5
12731,9137,5
12732,9136,5
12734,7130,5
12736,7129,5
12738,7128,5
12739,7125,5
12740,7124,5
12741,7123,9
12742,7122,5
12744,7121,5
12746,7120,5
12748,7119,5
12749,7118,10
12750,7117,5
12751,7116,5
12752,7115,5
12755,7114,5
12758,7113,5
12762,7112,5
12763,7111,5
12766,7109,5
12767,7108,13
12769,7104,5
12770,7103,5
12771,7102,10
12773,7101,8
12775,6925,5
12776,6924,5
12777,7960,5
12778,7959,9
12779,7957,5
12780,7958,5
